#	Original_ID	Download Date	fastq_downloaded	image_updated	Process	folder	id_subfolder	sample	MGI_id/Globus	image_files	download_method	Slide	area	tissue_type	trascriptome	fastq	image_path	image_dir	image_url	Notes	Image Alignment	Result_dir_katmai	web_summary (in Box folder). Copy and paste in browser to view	end_of_line_guard
1	112C1	10/7/2020	Yes	Yes	Done	CRC_112C1	Colorectal_112C1_1	GTAACATGCG-AGTGTTACCT	TBD	Colorectal_112C1-1	ftp	V10M12-006	A1	Human	/diskmnt/Datasets/Reference/SpaceRanger-1.1.0/refdata-gex-GRCh38-2020-A	/diskmnt/primary/Spatial_Transcriptomics/data/fastq/Colorectal_112C1_1	/diskmnt/Datasets/Spatial_Transcriptomics/images/CRC_112C1/A1_Colorectal_112C1-1.tif	/diskmnt/Datasets/Spatial_Transcriptomics/images/CRC_112C1	https://wustl.box.com/s/0p1nlzxmkpekmic97gqaz6mjic17qdha	Downloaded by Dan		/diskmnt/Datasets/Spatial_Transcriptomics/outputs/CRC_112C1/Colorectal_112C1_1/outs/		-
2	112C1	10/7/2020	Yes	Yes	Done	CRC_112C1	Colorectal_112C1_2	GTGGATCAAA-GCCAACCCTG	TBD	Colorectal_112C1-2	ftp	V10M12-006	B1 (60 um)	Human	/diskmnt/Datasets/Reference/SpaceRanger-1.1.0/refdata-gex-GRCh38-2020-A	/diskmnt/primary/Spatial_Transcriptomics/data/fastq/Colorectal_112C1_2	/diskmnt/Datasets/Spatial_Transcriptomics/images/CRC_112C1/B1_Colorectal_112C1-2.tif	/diskmnt/Datasets/Spatial_Transcriptomics/images/CRC_112C1	https://wustl.box.com/s/9qu5txc3g0pp7llcz6pbtqsun4cpipx5	Downloaded by Dan		/diskmnt/Datasets/Spatial_Transcriptomics/outputs/CRC_112C1/Colorectal_112C1_2/outs/		-
3	206B1	10/7/2020	Yes	Yes	Done	BR_206B1	BRCA_206B1	CTCTAGCGAG-TATCTTCATC	TBD	BRCA_206B1	ftp	V10M12-006	D1	Human	/diskmnt/Datasets/Reference/SpaceRanger-1.1.0/refdata-gex-GRCh38-2020-A	/diskmnt/primary/Spatial_Transcriptomics/data/fastq/BRCA_206B1	/diskmnt/Datasets/Spatial_Transcriptomics/images/BR_206B1/D1_BRCA_206B1.tif	/diskmnt/Datasets/Spatial_Transcriptomics/images/BR_206B1	https://wustl.box.com/s/jkbrnedf6ku16xnx4yxlnzmc42o7sbd6	Downloaded by Dan		/diskmnt/Datasets/Spatial_Transcriptomics/outputs/BR_206B1/BRCA_206B1/outs/		-
4	C3L00671-01	11/11/2020	Yes	Yes	Done	GBM_C3L00671-01	GBM_C3L00671-01	GTAGCCCTGT-GAGCATCTAT	TBD	C3L00671-01-S1Fc1U1	ftp	V10M12-007	A1	Human	/diskmnt/Datasets/Reference/SpaceRanger-1.1.0/refdata-gex-GRCh38-2020-A	/diskmnt/primary/Spatial_Transcriptomics/data/fastq/GBM_C3L00671-01	/diskmnt/Datasets/Spatial_Transcriptomics/images/GBM_C3L00671-01/A1_C3L00671-01-S1Fc1U1.tif	/diskmnt/Datasets/Spatial_Transcriptomics/images/GBM_C3L00671-01	https://wustl.box.com/s/tkpspbfrcn0nqg83v5dmev29qle8nsys	MGI seem to use wrong name on the email title. Should be CPTAC GBM.		/diskmnt/Datasets/Spatial_Transcriptomics/outputs/GBM_C3L00671-01/GBM_C3L00671-01/outs/		-
5	20201012-NMK-6 weeks	11/11/2020	Yes	Yes	Done	NMK_20201012	NMK_20201012	TAACGCGTGA-CCCTAACTTC	TBD	20201013 normal mouse kidney	ftp	V10M12-007	B1	Human	/diskmnt/Datasets/Reference/SpaceRanger-1.1.0/refdata-gex-GRCh38-2020-A	/diskmnt/primary/Spatial_Transcriptomics/data/fastq/NMK_20201012	/diskmnt/Datasets/Spatial_Transcriptomics/images/NMK_20201012/B1_20201013 normal mouse kidney.tif	/diskmnt/Datasets/Spatial_Transcriptomics/images/NMK_20201012	https://wustl.box.com/s/w03awp0jn9u1mdkmybshkbz2vng8mbnr			/diskmnt/Datasets/Spatial_Transcriptomics/outputs/NMK_20201012/NMK_20201012/outs/		-
6	HT232P1H1A2	11/11/2020	Yes	Yes	Done	PDAC_HT232	PDAC_HT232_P1H1	TCCCAAGGGT-TACTACCTTT	TBD	HT232P1H1A2-S1Fc1U1	ftp	V10M12-007	C1	Human	/diskmnt/Datasets/Reference/SpaceRanger-1.1.0/refdata-gex-GRCh38-2020-A	/diskmnt/primary/Spatial_Transcriptomics/data/fastq/PDAC_HT232_P1H1	/diskmnt/Datasets/Spatial_Transcriptomics/images/PDAC_HT232/C1_HT232P1H1A2-S1Fc1U1.tif	/diskmnt/Datasets/Spatial_Transcriptomics/images/PDAC_HT232	https://wustl.box.com/s/h5f9s39rh9dtayvvb82ohxfx7ougawex			/diskmnt/Datasets/Spatial_Transcriptomics/outputs/PDAC_HT232/PDAC_HT232_P1H1/outs/		-
7	HT232P1H2A2	11/11/2020	Yes	Yes	Done	PDAC_HT232	PDAC_HT232_P1H2	CGAAGTATAC-GAACTTGGAG	TBD	HT232P1H2A2-S1Fc1U1	ftp	V10M12-007	D1	Human	/diskmnt/Datasets/Reference/SpaceRanger-1.1.0/refdata-gex-GRCh38-2020-A	/diskmnt/primary/Spatial_Transcriptomics/data/fastq/PDAC_HT232_P1H2	/diskmnt/Datasets/Spatial_Transcriptomics/images/PDAC_HT232/D1_HT232P1H2A2-S1Fc1U1.tif	/diskmnt/Datasets/Spatial_Transcriptomics/images/PDAC_HT232	https://wustl.box.com/s/otnesby8pelhnvtatvl5071vd6c466y9			/diskmnt/Datasets/Spatial_Transcriptomics/outputs/PDAC_HT232/PDAC_HT232_P1H2/outs/		-
8	226C1	11/11/2020	Yes	Yes	Done	CHOL_HT226C1	CHOL_HT226C1_1	AAGTGGAGAG-TTCCTGTTAC	TBD	HT226C1-Th1Fc1U1	ftp	V10M12-008	A1	Human	/diskmnt/Datasets/Reference/SpaceRanger-1.1.0/refdata-gex-GRCh38-2020-A	/diskmnt/primary/Spatial_Transcriptomics/data/fastq/CHOL_HT226C1_1	/diskmnt/Datasets/Spatial_Transcriptomics/images/CHOL_HT226C1/A1_HT226C1-Th1Fc1U1.tif	/diskmnt/Datasets/Spatial_Transcriptomics/images/CHOL_HT226C1	https://wustl.box.com/s/w2m48yots4trnvj7oy5qovh7zxgx2tjt			/diskmnt/Datasets/Spatial_Transcriptomics/outputs/CHOL_HT226C1/CHOL_HT226C1_1/outs/		-
9	226C1	11/11/2020	Yes	Yes	Done	CHOL_HT226C1	CHOL_HT226C1_2	CGTGACATGC-ATGGTCTAAA	TBD	HT226C1-Th1Fc1U2	ftp	V10M12-008	B1 (40 um)	Human	/diskmnt/Datasets/Reference/SpaceRanger-1.1.0/refdata-gex-GRCh38-2020-A	/diskmnt/primary/Spatial_Transcriptomics/data/fastq/CHOL_HT226C1_2	/diskmnt/Datasets/Spatial_Transcriptomics/images/CHOL_HT226C1/B1_HT226C1-Th1Fc1U2.tif	/diskmnt/Datasets/Spatial_Transcriptomics/images/CHOL_HT226C1	https://wustl.box.com/s/mpsthoo5oc2nogsx52r65603kcabcrr5			/diskmnt/Datasets/Spatial_Transcriptomics/outputs/CHOL_HT226C1/CHOL_HT226C1_2/outs/		-
10	235B1-H1	11/11/2020	Yes	Yes	Done	BR_235B1	BR_235B1_1	CGGAACCCAA-GATTCGAGGA	TBD	HT235B1-S1Fc1U1 (H1)	ftp	V10M12-008	C1	Human	/diskmnt/Datasets/Reference/SpaceRanger-1.1.0/refdata-gex-GRCh38-2020-A	/diskmnt/primary/Spatial_Transcriptomics/data/fastq/BR_235B1_1	/diskmnt/Datasets/Spatial_Transcriptomics/images/BR_235B1/C1_HT235B1-S1Fc1U1 (H1).tif	/diskmnt/Datasets/Spatial_Transcriptomics/images/BR_235B1	https://wustl.box.com/s/2lyy17fshuviuxb11kygzoqxnwe53gx5			/diskmnt/Datasets/Spatial_Transcriptomics/outputs/BR_235B1/BR_235B1_1/outs/		-
11	235B1-H1	11/11/2020	Yes	Yes	Done	BR_235B1	BR_235B1_2	CACCGCACCA-GACTGTCAAT	TBD	HT235B1-S1Fc1U2 (H1)	ftp	V10M12-008	D1 (40 um)	Human	/diskmnt/Datasets/Reference/SpaceRanger-1.1.0/refdata-gex-GRCh38-2020-A	/diskmnt/primary/Spatial_Transcriptomics/data/fastq/BR_235B1_2	/diskmnt/Datasets/Spatial_Transcriptomics/images/BR_235B1/D1_HT235B1-S1Fc1U2 (H1).tif	/diskmnt/Datasets/Spatial_Transcriptomics/images/BR_235B1	https://wustl.box.com/s/4znmy0bkjfc7ezpwcrefiw3ttvne8lrs			/diskmnt/Datasets/Spatial_Transcriptomics/outputs/BR_235B1/BR_235B1_2/outs/		-
12	225C1	11/17/2020	Yes	Yes	Done	CRC_225C1	CRC_liver_HT225C1	ACAGTAACTA-ACAGTTCGTT	TBD	HT225C1-Th1Fc1U1	ftp	V10M12-009	A1	Human	/diskmnt/Datasets/Reference/SpaceRanger-1.1.0/refdata-gex-GRCh38-2020-A	/diskmnt/primary/Spatial_Transcriptomics/data/fastq/CRC_liver_HT225C1	/diskmnt/Datasets/Spatial_Transcriptomics/images/CRC_225C1/A1_HT225C1-Th1Fc1U1.tif	/diskmnt/Datasets/Spatial_Transcriptomics/images/CRC_225C1	https://wustl.box.com/s/p6fnh9kou9g00sg38gturvv9pwowz595			/diskmnt/Datasets/Spatial_Transcriptomics/outputs/CRC_225C1/CRC_liver_HT225C1/outs/		-
13	230C1	11/17/2020	Yes	Yes	Done	CRC_230C1	CRC_liver_HT230C1	TCTACCATTT-CGGGAGAGTC	TBD	HT230C1-Th1Fc1U1	ftp	V10M12-009	B1	Human	/diskmnt/Datasets/Reference/SpaceRanger-1.1.0/refdata-gex-GRCh38-2020-A	/diskmnt/primary/Spatial_Transcriptomics/data/fastq/CRC_liver_HT230C1	/diskmnt/Datasets/Spatial_Transcriptomics/images/CRC_230C1/B1_HT230C1-Th1Fc1U1.tif	/diskmnt/Datasets/Spatial_Transcriptomics/images/CRC_230C1	https://wustl.box.com/s/phyt30y2yguugqi3gs5463sqzjq0vird			/diskmnt/Datasets/Spatial_Transcriptomics/outputs/CRC_230C1/CRC_liver_HT230C1/outs/		-
14	RCC-5 from James	11/25/2020	Yes	Yes	Done	RCC001-2	RCC001	CACGGTGAAT-GTTCGTCACA	TBD	RCC001-S1Fc1U1	ftp	V10M12-009	C1	Human	/diskmnt/Datasets/Reference/SpaceRanger-1.1.0/refdata-gex-GRCh38-2020-A	/diskmnt/primary/Spatial_Transcriptomics/data/fastq/RCC001	/diskmnt/Datasets/Spatial_Transcriptomics/images/RCC001-2/C1_RCC001-S1Fc1U1.tif	/diskmnt/Datasets/Spatial_Transcriptomics/images/RCC001-2	https://wustl.box.com/s/7r71msb4tezqlp9scvk1mjxnzubhatwl			/diskmnt/Datasets/Spatial_Transcriptomics/outputs/RCC001-2/RCC001/outs/		-
15	1589042a from Michele	11/25/2020	Yes	Yes	Done	RCC001-2	RCC002	GTAGACGAAA-CTAGTGTGGT	TBD	RCC002-S1Fc1U1	ftp	V10M12-009	D1	Human	/diskmnt/Datasets/Reference/SpaceRanger-1.1.0/refdata-gex-GRCh38-2020-A	/diskmnt/primary/Spatial_Transcriptomics/data/fastq/RCC002	/diskmnt/Datasets/Spatial_Transcriptomics/images/RCC001-2/D1_RCC002-S1Fc1U1.tif	/diskmnt/Datasets/Spatial_Transcriptomics/images/RCC001-2	https://wustl.box.com/s/1yhz4ny9wrmuwao75e3g5jh0w9l22uua			/diskmnt/Datasets/Spatial_Transcriptomics/outputs/RCC001-2/RCC002/outs/		-
16	206B1	11/30/2020	Yes	Yes	Done	BR_206B1	BR_206B1_U2	TCGGCTCTAC-CCGATGGTCT	TBD	HT206B1-S1Fc1U2	ftp	V10U24-099	A1	Human	/diskmnt/Datasets/Reference/SpaceRanger-1.1.0/refdata-gex-GRCh38-2020-A	/diskmnt/primary/Spatial_Transcriptomics/data/fastq/BR_206B1_U2	/diskmnt/Datasets/Spatial_Transcriptomics/images/BR_206B1/A1_HT206B1-S1Fc1U2.tif	/diskmnt/Datasets/Spatial_Transcriptomics/images/BR_206B1	https://wustl.box.com/s/r6e8zllzkbt3vqmagq86wwrh4d2iwgf0			/diskmnt/Datasets/Spatial_Transcriptomics/outputs/BR_206B1/BR_206B1_U2/outs/		-
17	206B1	11/30/2020	Yes	Yes	Done	BR_206B1	BR_206B1_U3	AATGCCATGA-TACGTAATGC	TBD	HT206B1-S1Fc1U3	ftp	V10U24-099	B1 (40 um)	Human	/diskmnt/Datasets/Reference/SpaceRanger-1.1.0/refdata-gex-GRCh38-2020-A	/diskmnt/primary/Spatial_Transcriptomics/data/fastq/BR_206B1_U3	/diskmnt/Datasets/Spatial_Transcriptomics/images/BR_206B1/B1_HT206B1-S1Fc1U3.tif	/diskmnt/Datasets/Spatial_Transcriptomics/images/BR_206B1	https://wustl.box.com/s/lzrnzuqa55s5sxsboqfmn3woe0qe8tpz			/diskmnt/Datasets/Spatial_Transcriptomics/outputs/BR_206B1/BR_206B1_U3/outs/		-
18	206B1	11/30/2020	Yes	Yes	Done	BR_206B1	BR_206B1_U4	GCCTTCGGTA-CCAACGATTT	TBD	HT206B1-S1Fc1U4	ftp	V10U24-099	C1 (40 um)	Human	/diskmnt/Datasets/Reference/SpaceRanger-1.1.0/refdata-gex-GRCh38-2020-A	/diskmnt/primary/Spatial_Transcriptomics/data/fastq/BR_206B1_U4	/diskmnt/Datasets/Spatial_Transcriptomics/images/BR_206B1/C1_HT206B1-S1Fc1U4.tif	/diskmnt/Datasets/Spatial_Transcriptomics/images/BR_206B1	https://wustl.box.com/s/rotu7wnqxewnvp43cgp63qsshgcvavp6			/diskmnt/Datasets/Spatial_Transcriptomics/outputs/BR_206B1/BR_206B1_U4/outs/		-
19	206B1	11/30/2020	Yes	Yes	Done	BR_206B1	BR_206B1_U5	GCACTGAGAA-TATGCGTGAA	TBD	HT206B1-S1Fc1U5	ftp	V10U24-099	D1 (40 um)	Human	/diskmnt/Datasets/Reference/SpaceRanger-1.1.0/refdata-gex-GRCh38-2020-A	/diskmnt/primary/Spatial_Transcriptomics/data/fastq/BR_206B1_U5	/diskmnt/Datasets/Spatial_Transcriptomics/images/BR_206B1/D1_HT206B1-S1Fc1U5.tif	/diskmnt/Datasets/Spatial_Transcriptomics/images/BR_206B1	https://wustl.box.com/s/e9jtz7kerhin4jra4aqq3gn4gc92f68f			/diskmnt/Datasets/Spatial_Transcriptomics/outputs/BR_206B1/BR_206B1_U5/outs/		-
20	243B1-H3A2	12/28/2020	Yes	Yes	Done	BR_243B1	BR_243B1-H3A2-U1	TATTGAGGCA-CAGGTAAGTG	45475434334682	HT243B1H3A2-S1Fc1U1	ftp	V10U24-100	A1	Human	/diskmnt/Datasets/Reference/SpaceRanger-1.1.0/refdata-gex-GRCh38-2020-A	/diskmnt/primary/Spatial_Transcriptomics/data/fastq/BR_243B1-H3A2-U1	/diskmnt/Datasets/Spatial_Transcriptomics/images/BR_243B1/A1_HT243B1H3A2-S1Fc1U1.tif	/diskmnt/Datasets/Spatial_Transcriptomics/images/BR_243B1	https://wustl.box.com/s/no6dpzo9ut24zp7njsfbo82kgvzijqhv	Missed email. Copy from Matt's backup: /home/mwyczalk_test/Projects/RIS/mnt/Active/HTAN.backup/xfer.genome.wustl.edu/gxfer1/45475434334682/Transfer		/diskmnt/Datasets/Spatial_Transcriptomics/outputs/BR_243B1/BR_243B1-H3A2-U1/outs/		-
21	243B1-H3A2	12/28/2020	Yes	Yes	Done	BR_243B1	BR_243B1-H3A2-U2	GCCCGATGGA-AATCGTCTAG	45475434334682	HT243B1H3A2-S1Fc1U2	ftp	V10U24-100	B1 (40 um)	Human	/diskmnt/Datasets/Reference/SpaceRanger-1.1.0/refdata-gex-GRCh38-2020-A	/diskmnt/primary/Spatial_Transcriptomics/data/fastq/BR_243B1-H3A2-U2	/diskmnt/Datasets/Spatial_Transcriptomics/images/BR_243B1/B1_HT243B1H3A2-S1Fc1U2.tif	/diskmnt/Datasets/Spatial_Transcriptomics/images/BR_243B1	https://wustl.box.com/s/24snkzecoouabwcpvxlld74k6c95ldru	Missed email. Copy from Matt's backup: /home/mwyczalk_test/Projects/RIS/mnt/Active/HTAN.backup/xfer.genome.wustl.edu/gxfer1/45475434334682/Transfer		/diskmnt/Datasets/Spatial_Transcriptomics/outputs/BR_243B1/BR_243B1-H3A2-U2/outs/		-
22	243B1-H3A2	12/28/2020	Yes	Yes	Done	BR_243B1	BR_243B1-H3A2-U3	TCTTACTTGC-TGACCTCTAG	45475434334682	HT243B1H3A2-S1Fc1U3	ftp	V10U24-100	C1 (40 um)	Human	/diskmnt/Datasets/Reference/SpaceRanger-1.1.0/refdata-gex-GRCh38-2020-A	/diskmnt/primary/Spatial_Transcriptomics/data/fastq/BR_243B1-H3A2-U3	/diskmnt/Datasets/Spatial_Transcriptomics/images/BR_243B1/C1_HT243B1H3A2-S1Fc1U3.tif	/diskmnt/Datasets/Spatial_Transcriptomics/images/BR_243B1	https://wustl.box.com/s/5kfvfxhdinnd0my63i7lmyvim3nfyt2o	Missed email. Copy from Matt's backup: /home/mwyczalk_test/Projects/RIS/mnt/Active/HTAN.backup/xfer.genome.wustl.edu/gxfer1/45475434334682/Transfer		/diskmnt/Datasets/Spatial_Transcriptomics/outputs/BR_243B1/BR_243B1-H3A2-U3/outs/		-
23	243B1-H3A2	12/28/2020	Yes	Yes	Done	BR_243B1	BR_243B1-H3A2-U4	CGTCAAGGGC-TAGGTCACTC	45475434334682	HT243B1H3A2-S1Fc1U4	ftp	V10U24-100	D1 (40 um)	Human	/diskmnt/Datasets/Reference/SpaceRanger-1.1.0/refdata-gex-GRCh38-2020-A	/diskmnt/primary/Spatial_Transcriptomics/data/fastq/BR_243B1-H3A2-U4	/diskmnt/Datasets/Spatial_Transcriptomics/images/BR_243B1/D1_HT243B1H3A2-S1Fc1U4.tif	/diskmnt/Datasets/Spatial_Transcriptomics/images/BR_243B1	https://wustl.box.com/s/3vhbpo6yadwhr7lhjzud2gji5p75r4kp	Missed email. Copy from Matt's backup: /home/mwyczalk_test/Projects/RIS/mnt/Active/HTAN.backup/xfer.genome.wustl.edu/gxfer1/45475434334682/Transfer		/diskmnt/Datasets/Spatial_Transcriptomics/outputs/BR_243B1/BR_243B1-H3A2-U4/outs/		-
24	242P1-H1	1/5/2021(Matt)	Yes	Yes	Done	PDAC_242P1	PDAC_242P1-H1	TGCGCGGTTT-CAAGGATAAA	4441597857245	HT242P1H1-S1Fc1U1	ftp	V10U24-101	A1	Human	/diskmnt/Datasets/Reference/SpaceRanger-1.1.0/refdata-gex-GRCh38-2020-A	/diskmnt/primary/Spatial_Transcriptomics/data/fastq/PDAC_242P1/xfer.genome.wustl.edu/gxfer1/4441597857245/Transfer/	/diskmnt/Datasets/Spatial_Transcriptomics/images/PDAC_242P1/1-HT242P1H1-S1Fc1U1.tif	/diskmnt/Datasets/Spatial_Transcriptomics/images/PDAC_242P1	https://wustl.box.com/s/3gmq788qrlwoehgs5bl0ehlfhnm521p4	Missed email. Copy from Matt's backup: /home/mwyczalk_test/Projects/RIS/mnt/Active/HTAN.backup/xfer.genome.wustl.edu/gxfer1/4441597857245/Transfer		/diskmnt/Datasets/Spatial_Transcriptomics/outputs/PDAC_242P1/PDAC_242P1-H1/outs/		-
25	242P1-H2A2	1/5/2021(Matt)	Yes	Yes	Done	PDAC_242P1	PDAC_242P1-H2A2	CAATCCCGAC-CCGAGTAGTA	4441597857245	HT242P1H2-S1Fc1U1	ftp	V10U24-101	B1	Human	/diskmnt/Datasets/Reference/SpaceRanger-1.1.0/refdata-gex-GRCh38-2020-A	/diskmnt/primary/Spatial_Transcriptomics/data/fastq/PDAC_242P1/xfer.genome.wustl.edu/gxfer1/4441597857245/Transfer/	/diskmnt/Datasets/Spatial_Transcriptomics/images/PDAC_242P1/2-HT242P1H2-S1Fc1U1.tif	/diskmnt/Datasets/Spatial_Transcriptomics/images/PDAC_242P1	https://wustl.box.com/s/3m8rblgd8u2ve5p02z5u31f06u4zkol8	Missed email. Copy from Matt's backup: /home/mwyczalk_test/Projects/RIS/mnt/Active/HTAN.backup/xfer.genome.wustl.edu/gxfer1/4441597857245/Transfer		/diskmnt/Datasets/Spatial_Transcriptomics/outputs/PDAC_242P1/PDAC_242P1-H2A2/outs/		-
26	242P1-H3	1/5/2021(Matt)	Yes	Yes	Done	PDAC_242P1	PDAC_242P1-H3	ATGGCTTGTG-GAATGTTGTG	4441597857245	HT242P1H3-S1Fc1U1	ftp	V10U24-101	C1	Human	/diskmnt/Datasets/Reference/SpaceRanger-1.1.0/refdata-gex-GRCh38-2020-A	/diskmnt/primary/Spatial_Transcriptomics/data/fastq/PDAC_242P1/xfer.genome.wustl.edu/gxfer1/4441597857245/Transfer/	/diskmnt/Datasets/Spatial_Transcriptomics/images/PDAC_242P1/3-HT242P1H3-S1Fc1U1.tif	/diskmnt/Datasets/Spatial_Transcriptomics/images/PDAC_242P1	https://wustl.box.com/s/5lvpvyekkgi1va94hmb85bzfrnpahq5g	Missed email. Copy from Matt's backup: /home/mwyczalk_test/Projects/RIS/mnt/Active/HTAN.backup/xfer.genome.wustl.edu/gxfer1/4441597857245/Transfer		/diskmnt/Datasets/Spatial_Transcriptomics/outputs/PDAC_242P1/PDAC_242P1-H3/outs/		-
27	242P1-H4A2	1/5/2021(Matt)	Yes	Yes	Done	PDAC_242P1	PDAC_242P1-H4A2	TTCTCGATGA-TGTCGGGCAC	4441597857245	HT242P1H4-S1Fc1U1	ftp	V10U24-101	D1	Human	/diskmnt/Datasets/Reference/SpaceRanger-1.1.0/refdata-gex-GRCh38-2020-A	/diskmnt/primary/Spatial_Transcriptomics/data/fastq/PDAC_242P1/xfer.genome.wustl.edu/gxfer1/4441597857245/Transfer/	/diskmnt/Datasets/Spatial_Transcriptomics/images/PDAC_242P1/4-HT242P1H4-S1Fc1U1.tif	/diskmnt/Datasets/Spatial_Transcriptomics/images/PDAC_242P1	https://wustl.box.com/s/uw6mol0o6qdd12aiqhutupjpel4dtr52	Missed email. Copy from Matt's backup: /home/mwyczalk_test/Projects/RIS/mnt/Active/HTAN.backup/xfer.genome.wustl.edu/gxfer1/4441597857245/Transfer		/diskmnt/Datasets/Spatial_Transcriptomics/outputs/PDAC_242P1/PDAC_242P1-H4A2/outs/		-
28	235B1-H2	1/5/2021(Matt)	Yes	Yes	Done	BR_235B1	BR_235B1-H2	TCCGTTGGAT-ACGTTCTCGC	4441597857245	HT235B1H2-S1Fc1U1	ftp	V10U24-102	A1	Human	/diskmnt/Datasets/Reference/SpaceRanger-1.1.0/refdata-gex-GRCh38-2020-A	/diskmnt/primary/Spatial_Transcriptomics/data/fastq/BR_235B1-H2	/diskmnt/Datasets/Spatial_Transcriptomics/images/BR_235B1/5-HT235B1H2-S1Fc1U1.tif	/diskmnt/Datasets/Spatial_Transcriptomics/images/BR_235B1	https://wustl.box.com/s/0pd7hwf7orcmfurf4hdsdqxuvtj02fy6	Missed email. Copy from Matt's backup: /home/mwyczalk_test/Projects/RIS/mnt/Active/HTAN.backup/xfer.genome.wustl.edu/gxfer1/4441597857245/Transfer		/diskmnt/Datasets/Spatial_Transcriptomics/outputs/BR_235B1/BR_235B1-H2/outs/		-
29	235B1-H3	1/5/2021(Matt)	Yes	Yes	Done	BR_235B1	BR_235B1-H3	ACGACTACCA-ACGACCCTAA	4441597857245	HT235B1H3-S1Fc1U1	ftp	V10U24-102	B1	Human	/diskmnt/Datasets/Reference/SpaceRanger-1.1.0/refdata-gex-GRCh38-2020-A	/diskmnt/primary/Spatial_Transcriptomics/data/fastq/BR_235B1-H3	/diskmnt/Datasets/Spatial_Transcriptomics/images/BR_235B1/6-HT235B1H3-S1Fc1U1.tif	/diskmnt/Datasets/Spatial_Transcriptomics/images/BR_235B1	https://wustl.box.com/s/jg2lzsfsju1g6mx3ekbngu8zlk7k6gjk	Missed email. Copy from Matt's backup: /home/mwyczalk_test/Projects/RIS/mnt/Active/HTAN.backup/xfer.genome.wustl.edu/gxfer1/4441597857245/Transfer		/diskmnt/Datasets/Spatial_Transcriptomics/outputs/BR_235B1/BR_235B1-H3/outs/		-
30	243B1-H4A2	1/5/2021(Matt)	Yes	Yes	Done	BR_243B1	BR_243B1-H4A2-U1	CGCGCACTTA-CCTGTATTCT	4441597857245	HT243B1H4A2-S1Fc1U1	ftp	V10U24-102	C1	Human	/diskmnt/Datasets/Reference/SpaceRanger-1.1.0/refdata-gex-GRCh38-2020-A	/diskmnt/primary/Spatial_Transcriptomics/data/fastq/BR_243B1-H4A2-U1	/diskmnt/Datasets/Spatial_Transcriptomics/images/BR_243B1/7-HT243B1H4A2-S1Fc1U1.tif	/diskmnt/Datasets/Spatial_Transcriptomics/images/BR_243B1	https://wustl.box.com/s/kz7gsbe6quqnc61ihjgy6yhq0zu3mtej	Missed email. Copy from Matt's backup: /home/mwyczalk_test/Projects/RIS/mnt/Active/HTAN.backup/xfer.genome.wustl.edu/gxfer1/4441597857245/Transfer		/diskmnt/Datasets/Spatial_Transcriptomics/outputs/BR_243B1/BR_243B1-H4A2-U1/outs/		-
31	243B1-H4A2	1/5/2021(Matt)	Yes	Yes	Done	BR_243B1	BR_243B1-H4A2-U2	GCTACAAAGC-CACGTGCCCT	4441597857245	HT243B1H4A2-S1Fc1U2	ftp	V10U24-102	D1 (40 um)	Human	/diskmnt/Datasets/Reference/SpaceRanger-1.1.0/refdata-gex-GRCh38-2020-A	/diskmnt/primary/Spatial_Transcriptomics/data/fastq/BR_243B1-H4A2-U2	/diskmnt/Datasets/Spatial_Transcriptomics/images/BR_243B1/8-HT243B1H4A2-S1Fc1U2.tif	/diskmnt/Datasets/Spatial_Transcriptomics/images/BR_243B1	https://wustl.box.com/s/5z2p3izwfbr2cpdmmm2ri3v4ssqnco1j	Missed email. Copy from Matt's backup: /home/mwyczalk_test/Projects/RIS/mnt/Active/HTAN.backup/xfer.genome.wustl.edu/gxfer1/4441597857245/Transfer		/diskmnt/Datasets/Spatial_Transcriptomics/outputs/BR_243B1/BR_243B1-H4A2-U2/outs/		-
32	225C1	12/22/2020	Yes	Done	Done	CRC_225C1	CRC_225C1_U2	TATCAGCCTA-GTTTCGTCCT	69437747527578	HT225C1-Th1Fc1U2	ftp	V10L27-099	A1	Human	/diskmnt/Datasets/Reference/SpaceRanger-1.1.0/refdata-gex-GRCh38-2020-A	/diskmnt/primary/Spatial_Transcriptomics/data/fastq/CRC_225C1_U2	/diskmnt/Datasets/Spatial_Transcriptomics/images/CRC_225C1/A1-HT225C1-Th1Fc1U2.tif	/diskmnt/Datasets/Spatial_Transcriptomics/images/CRC_225C1	https://wustl.box.com/s/2omiapilcvubivq6hk2x7b3cqgm5xjvt			/diskmnt/Datasets/Spatial_Transcriptomics/outputs/CRC_225C1/CRC_225C1_U2/outs/		-
33	225C1	12/22/2020	Yes	Done	Done	CRC_225C1	CRC_225C1_U3	AGAATGGTTT-GAGGGTGGGA	69437747527578	HT225C1-Th1Fc1U3	ftp	V10L27-099	B1 (40 um)	Human	/diskmnt/Datasets/Reference/SpaceRanger-1.1.0/refdata-gex-GRCh38-2020-A	/diskmnt/primary/Spatial_Transcriptomics/data/fastq/CRC_225C1_U3	/diskmnt/Datasets/Spatial_Transcriptomics/images/CRC_225C1/B1 (40 um)-HT225C1-Th1Fc1U3.tif	/diskmnt/Datasets/Spatial_Transcriptomics/images/CRC_225C1	https://wustl.box.com/s/2omiapilcvubivq6hk2x7b3cqgm5xjvt			/diskmnt/Datasets/Spatial_Transcriptomics/outputs/CRC_225C1/CRC_225C1_U3/outs/		-
34	225C1	12/22/2020	Yes	Done	Done	CRC_225C1	CRC_225C1_U4	ATGGGTGAAA-CTTGGGAATT	69437747527578	HT225C1-Th1Fc1U4	ftp	V10L27-099	C1 (40 um)	Human	/diskmnt/Datasets/Reference/SpaceRanger-1.1.0/refdata-gex-GRCh38-2020-A	/diskmnt/primary/Spatial_Transcriptomics/data/fastq/CRC_225C1_U4	/diskmnt/Datasets/Spatial_Transcriptomics/images/CRC_225C1/C1 (40 um)-HT225C1-Th1Fc1U4.tif	/diskmnt/Datasets/Spatial_Transcriptomics/images/CRC_225C1	https://wustl.box.com/s/5x3zvsgi6a8hsum4lhtrezky371f5fjs			/diskmnt/Datasets/Spatial_Transcriptomics/outputs/CRC_225C1/CRC_225C1_U4/outs/		-
35	225C1	12/22/2020	Yes	Done	Done	CRC_225C1	CRC_225C1_U5	TCGTCAAGAT-GCAACTCAGG	69437747527578	HT225C1-Th1Fc1U5	ftp	V10L27-099	D1 (40 um)	Human	/diskmnt/Datasets/Reference/SpaceRanger-1.1.0/refdata-gex-GRCh38-2020-A	/diskmnt/primary/Spatial_Transcriptomics/data/fastq/CRC_225C1_U5	/diskmnt/Datasets/Spatial_Transcriptomics/images/CRC_225C1/D1 (40 um)-HT225C1-Th1Fc1U5.tif	/diskmnt/Datasets/Spatial_Transcriptomics/images/CRC_225C1	https://wustl.box.com/s/89j49fcmt7wkuq0tzv16ikgp6m272nt0			/diskmnt/Datasets/Spatial_Transcriptomics/outputs/CRC_225C1/CRC_225C1_U5/outs/		-
36	20201201-NMK-M-3 weeks (20days)	12/15/2020	Yes	Done	Done	NMK_20201201	20201201_NMK_M_U1	TGCAATGTTC-GCTTGTCGAA	TBD	20201201-NMK-M-Fc1U1	ftp	V10L27-100	A1	Mouse	/diskmnt/Datasets/Reference/SpaceRanger-1.1.0/refdata-gex-mm10-2020-A	/diskmnt/primary/Spatial_Transcriptomics/data/fastq/20201201_NMK_M_U1	/diskmnt/Datasets/Spatial_Transcriptomics/images/NMK_20201201/A1-20201201-NMK-M-Fc1U1.tif	/diskmnt/Datasets/Spatial_Transcriptomics/images/NMK_20201201	https://wustl.box.com/s/36s8l0waoqp35dq6vctimcli3k9qn7th			/diskmnt/Datasets/Spatial_Transcriptomics/outputs/NMK_20201201/20201201_NMK_M_U1/outs/		-
37	20201201-NMK-M-3 weeks (20days)	12/15/2020	Yes	Done	Done	NMK_20201201	20201201_NMK_M_U2	TTAATACGCG-CACCTCGGGT	TBD	20201201-NMK-M-Fc1U2	ftp	V10L27-100	B1 (100 um)	Mouse	/diskmnt/Datasets/Reference/SpaceRanger-1.1.0/refdata-gex-mm10-2020-A	/diskmnt/primary/Spatial_Transcriptomics/data/fastq/20201201_NMK_M_U2	/diskmnt/Datasets/Spatial_Transcriptomics/images/NMK_20201201/B1 (100 um)-20201201-NMK-M-Fc1U2.tif	/diskmnt/Datasets/Spatial_Transcriptomics/images/NMK_20201201	https://wustl.box.com/s/9upsnl5teddpm2anvmujyv6nixul5asg			/diskmnt/Datasets/Spatial_Transcriptomics/outputs/NMK_20201201/20201201_NMK_M_U2/outs/		-
38	20201201-NMK-M-3 weeks (20days)	12/15/2020	Yes	Done	Done	NMK_20201201	20201201_NMK_M_U3	CCTTCTAGAG-AATACAACGA	TBD	20201201-NMK-M-Fc1U3	ftp	V10L27-100	C1 (100 um)	Mouse	/diskmnt/Datasets/Reference/SpaceRanger-1.1.0/refdata-gex-mm10-2020-A	/diskmnt/primary/Spatial_Transcriptomics/data/fastq/20201201_NMK_M_U3	/diskmnt/Datasets/Spatial_Transcriptomics/images/NMK_20201201/C1 (100 um)-20201201-NMK-M-Fc1U3.tif	/diskmnt/Datasets/Spatial_Transcriptomics/images/NMK_20201201	https://wustl.box.com/s/5q63q3gm9blxouqpn9uco5tb9lsh6p0e			/diskmnt/Datasets/Spatial_Transcriptomics/outputs/NMK_20201201/20201201_NMK_M_U3/outs/		-
39	20201201-NMK-M-3 weeks (20days)	12/15/2020	Yes	Done	Done	NMK_20201201	20201201_NMK_M_U4	GCAGTATAGG-TTCCGTGCAC	TBD	20201201-NMK-M-Fc1U4	ftp	V10L27-100	D1 (100 um)	Mouse	/diskmnt/Datasets/Reference/SpaceRanger-1.1.0/refdata-gex-mm10-2020-A	/diskmnt/primary/Spatial_Transcriptomics/data/fastq/20201201_NMK_M_U4	/diskmnt/Datasets/Spatial_Transcriptomics/images/NMK_20201201/D1 (100 um)-20201201-NMK-M-Fc1U4.tif	/diskmnt/Datasets/Spatial_Transcriptomics/images/NMK_20201201	https://wustl.box.com/s/v5mlc0r7i056fqcx8qs0y3wlhggaikio			/diskmnt/Datasets/Spatial_Transcriptomics/outputs/NMK_20201201/20201201_NMK_M_U4/outs/		-
40	20201201-NMK-F-3 weeks (20days)	12/15/2020	Yes	Done	Done	NMK_20201201	20201201_NMK_F_U1	TGGTTCGGGT-GTGGCAGGAG	TBD	20201201-NMK-F-Fc1U1	ftp	V10L27-101	A1	Mouse	/diskmnt/Datasets/Reference/SpaceRanger-1.1.0/refdata-gex-mm10-2020-A	/diskmnt/primary/Spatial_Transcriptomics/data/fastq/20201201_NMK_F_U1	/diskmnt/Datasets/Spatial_Transcriptomics/images/NMK_20201201/A1-20201201-NMK-F-Fc1U1.tif	/diskmnt/Datasets/Spatial_Transcriptomics/images/NMK_20201201	https://wustl.box.com/s/ecnah4htn02arb93wlsv55ddbrehlrkg			/diskmnt/Datasets/Spatial_Transcriptomics/outputs/NMK_20201201/20201201_NMK_F_U1/outs/		-
41	20201201-NMK-F-3 weeks (20days)	12/15/2020	Yes	Done	Done	NMK_20201201	20201201_NMK_F_U2	CCCAGCTTCT-GACACCAAAC	TBD	20201201-NMK-F-Fc1U2	ftp	V10L27-101	B1 (100 um)	Mouse	/diskmnt/Datasets/Reference/SpaceRanger-1.1.0/refdata-gex-mm10-2020-A	/diskmnt/primary/Spatial_Transcriptomics/data/fastq/20201201_NMK_F_U2	/diskmnt/Datasets/Spatial_Transcriptomics/images/NMK_20201201/B1 (100 um)-20201201-NMK-F-Fc1U2.tif	/diskmnt/Datasets/Spatial_Transcriptomics/images/NMK_20201201	https://wustl.box.com/s/oxvxwntiikkb5pre84h2ikeyr0s5c67r			/diskmnt/Datasets/Spatial_Transcriptomics/outputs/NMK_20201201/20201201_NMK_F_U2/outs/		-
42	20201201-NMK-F-3 weeks (20days)	12/15/2020	Yes	Done	Done	NMK_20201201	20201201_NMK_F_U3	CCTGTCAGGG-AGCCCGTAAC	TBD	20201201-NMK-F-Fc1U3	ftp	V10L27-101	C1 (100 um)	Mouse	/diskmnt/Datasets/Reference/SpaceRanger-1.1.0/refdata-gex-mm10-2020-A	/diskmnt/primary/Spatial_Transcriptomics/data/fastq/20201201_NMK_F_U3	/diskmnt/Datasets/Spatial_Transcriptomics/images/NMK_20201201/C1 (100 um)-20201201-NMK-F-Fc1U3.tif	/diskmnt/Datasets/Spatial_Transcriptomics/images/NMK_20201201	https://wustl.box.com/s/4jbcnzz9k9qvylav8vbag15yiug8swq1			/diskmnt/Datasets/Spatial_Transcriptomics/outputs/NMK_20201201/20201201_NMK_F_U3/outs/		-
43	20201201-NMK-F-3 weeks (20days)	12/15/2020	Yes	Done	Done	NMK_20201201	20201201_NMK_F_U4	CGCTGAAATC-AGGTGTCTGC	TBD	20201201-NMK-F-Fc1U4	ftp	V10L27-101	D1 (100 um)	Mouse	/diskmnt/Datasets/Reference/SpaceRanger-1.1.0/refdata-gex-mm10-2020-A	/diskmnt/primary/Spatial_Transcriptomics/data/fastq/20201201_NMK_F_U4	/diskmnt/Datasets/Spatial_Transcriptomics/images/NMK_20201201/D1 (100 um)-20201201-NMK-F-Fc1U4.tif	/diskmnt/Datasets/Spatial_Transcriptomics/images/NMK_20201201	https://wustl.box.com/s/4hmx1izzlpzovybo6nhmlj7ot7m01vo5			/diskmnt/Datasets/Spatial_Transcriptomics/outputs/NMK_20201201/20201201_NMK_F_U4/outs/		-
44	20201207-NMK-F-52 weeks	1/12/2021	Yes	Yes	Done	NMK1207_F_52w	NMK1207_F_52w	TTATTCGAGG-CTGTCCTGCT	DT-2862641	20201207-NMK52-F-Fc1U1	globus	V10L27-102	A1	Mouse	/diskmnt/Datasets/Reference/SpaceRanger-1.1.0/refdata-gex-mm10-2020-A	/diskmnt/primary/Spatial_Transcriptomics/data/globus/DT-2862641	/diskmnt/Datasets/Spatial_Transcriptomics/images/NMK1207_F_52w/A1-20201207-NMK52-F-Fc1U1.tif	/diskmnt/Datasets/Spatial_Transcriptomics/images/NMK1207_F_52w	https://wustl.box.com/s/ippvqgjzjrx4xa5wfzdgncgksn84c9bm			/diskmnt/Datasets/Spatial_Transcriptomics/outputs/NMK1207_F_52w/NMK1207_F_52w/outs/		-
45	UCEC4722-2	1/12/2021	Yes	Yes	Done	UCEC4722	UCEC4722	ATGGAGGGAG-ATAACCCATT	DT-2862642	UCEC4722-2-Fc1U1	globus	V10L27-102	B1	Human	/diskmnt/Datasets/Reference/SpaceRanger-1.1.0/refdata-gex-GRCh38-2020-A	/diskmnt/primary/Spatial_Transcriptomics/data/globus/DT-2862642	/diskmnt/Datasets/Spatial_Transcriptomics/images/UCEC4722/B1-UCEC4722-2-Fc1U1.tif	/diskmnt/Datasets/Spatial_Transcriptomics/images/UCEC4722	https://wustl.box.com/s/wzq6kz0f3d80mnuh146m51f3xtstv4ch			/diskmnt/Datasets/Spatial_Transcriptomics/outputs/UCEC4722/UCEC4722/outs/		-
46	UCEC4723-2	1/12/2021	Yes	Yes	Done	UCEC4723	UCEC4723	ACCAGACAAC-AGGAACTAGG	DT-2862642	UCEC4723-2-Fc1U1	globus	V10L27-102	C1	Human	/diskmnt/Datasets/Reference/SpaceRanger-1.1.0/refdata-gex-GRCh38-2020-A	/diskmnt/primary/Spatial_Transcriptomics/data/globus/DT-2862642	/diskmnt/Datasets/Spatial_Transcriptomics/images/UCEC4723/C1-UCEC4723-2-Fc1U1.tif	/diskmnt/Datasets/Spatial_Transcriptomics/images/UCEC4723	https://wustl.box.com/s/dliqikkl80ifac6gfnsfnyrj7t938ail			/diskmnt/Datasets/Spatial_Transcriptomics/outputs/UCEC4723/UCEC4723/outs/		-
47	20201207-NMK-M-52 weeks	1/12/2021	Yes	Yes	Done	NMK1207_M_52w	NMK1207_M_52w	AACCACGCAT-ATTCAGGTTA	DT-2862641	20201207-NMK52-M-Fc1U1	globus	V10L27-102	D1	Mouse	/diskmnt/Datasets/Reference/SpaceRanger-1.1.0/refdata-gex-mm10-2020-A	/diskmnt/primary/Spatial_Transcriptomics/data/globus/DT-2862641	/diskmnt/Datasets/Spatial_Transcriptomics/images/NMK1207_M_52w/D1-20201207-NMK52-M-Fc1U1.tif	/diskmnt/Datasets/Spatial_Transcriptomics/images/NMK1207_M_52w	https://wustl.box.com/s/o92hm1n3bpcxtgrfu1nyg3uu5os7xvsm			/diskmnt/Datasets/Spatial_Transcriptomics/outputs/NMK1207_M_52w/NMK1207_M_52w/outs/		-
48	259P1-H1A2	1/12/2021	Yes	Yes	Done	PDAC_259P1	259P1_H1A2	CGCGGTAGGT-CAGGATGTTG	DT-2862690	HT259P1-S1H1Fc2U1	globus	V10Y07-090	A1	Human	/diskmnt/Datasets/Reference/SpaceRanger-1.1.0/refdata-gex-GRCh38-2020-A	/diskmnt/primary/Spatial_Transcriptomics/data/globus/DT-2862690	/diskmnt/Datasets/Spatial_Transcriptomics/images/PDAC_259P1/A1-HT259P1-S1H1Fc2U1.tif	/diskmnt/Datasets/Spatial_Transcriptomics/images/PDAC_259P1	https://wustl.box.com/s/j9824wnnak1x7anhdqguqkiog8n71hzi			/diskmnt/Datasets/Spatial_Transcriptomics/outputs/PDAC_259P1/259P1_H1A2/outs/		-
49	259P1-H2A2	1/12/2021	Yes	Yes	Done	PDAC_259P1	259P1_H2A2	TTGAGAGTCA-AACCTGGTAG	DT-2862690	HT259P1-S1H2Fc2U1	globus	V10Y07-090	B1	Human	/diskmnt/Datasets/Reference/SpaceRanger-1.1.0/refdata-gex-GRCh38-2020-A	/diskmnt/primary/Spatial_Transcriptomics/data/globus/DT-2862690	/diskmnt/Datasets/Spatial_Transcriptomics/images/PDAC_259P1/B1-HT259P1-S1H2Fc2U1.tif	/diskmnt/Datasets/Spatial_Transcriptomics/images/PDAC_259P1	https://wustl.box.com/s/80j2w3ova59rz9tu9fy7uqjhjsw0ng32			/diskmnt/Datasets/Spatial_Transcriptomics/outputs/PDAC_259P1/259P1_H2A2/outs/		-
50	224P1	1/12/2021	Yes	Yes	Done	PDAC_224P1	224P1	GTCCTTCGGC-TCATGCACAG	DT-2862690	HT224P1-S1Fc2U1	globus	V10Y07-090	C1	Human	/diskmnt/Datasets/Reference/SpaceRanger-1.1.0/refdata-gex-GRCh38-2020-A	/diskmnt/primary/Spatial_Transcriptomics/data/globus/DT-2862690	/diskmnt/Datasets/Spatial_Transcriptomics/images/PDAC_224P1/C1-HT224P1-S1Fc2U1.tif	/diskmnt/Datasets/Spatial_Transcriptomics/images/PDAC_224P1	https://wustl.box.com/s/69glnh74dl6b0x27i4uqplpvvhx181vo			/diskmnt/Datasets/Spatial_Transcriptomics/outputs/PDAC_224P1/224P1/outs/		-
51	LUSL49C4499m	1/12/2021	Yes	Yes	Done	LUSL49C	LUSL49C4499m	GAGCAAGGGC-ATTGACTTGG	DT-2862689	LUSL49C4499m-Fc1U1	globus	V10Y07-090	D1	PDX	/diskmnt/Datasets/Reference/SpaceRanger-1.1.0/multispieces/hg38_and_mm39	/diskmnt/primary/Spatial_Transcriptomics/data/globus/DT-2862689	/diskmnt/Datasets/Spatial_Transcriptomics/images/LUSL49C/D1-LUSL49C4499m-Fc1U1.tif	/diskmnt/Datasets/Spatial_Transcriptomics/images/LUSL49C	https://wustl.box.com/s/dez5atsx28eqhgy9vrve5j9to7dtq11x	Rerun on 2/23/2021 with mixed reference		/diskmnt/Datasets/Spatial_Transcriptomics/outputs/LUSL49C/LUSL49C4499m/outs/		-
52	20201221-AKI-control-14 weeks-M	1/25/2021	Yes	Yes	Done	AKICL_14w	AKICL_14w	AAGATTGGAT-AGCGGGATTT	DT-2862809	20201221-AKICT14-M-Fc1U1	globus	V10Y07-091	A1	Mouse	/diskmnt/Datasets/Reference/SpaceRanger-1.1.0/refdata-gex-mm10-2020-A	/diskmnt/primary/Spatial_Transcriptomics/data/globus/DT-2862809	/diskmnt/Datasets/Spatial_Transcriptomics/images/AKICL_14w/A1-20201221-AKICT14-M-Fc1U1.tif	/diskmnt/Datasets/Spatial_Transcriptomics/images/AKICL_14w	https://wustl.box.com/s/lnwrffk9b7aztmjm4g2r53soi8s96ndw	Reran on 2/6/2021		/diskmnt/Datasets/Spatial_Transcriptomics/outputs/AKICL_14w/AKICL_14w/outs/		-
53	20201220-AKI-14 weeks-M	1/25/2021	Yes	Yes	Done	AKI_M_14w	AKI_M_14w	AAGGGCCGCA-CTGATTCCTC	DT-2862809	20201221-AKI14-M-Fc1U1	globus	V10Y07-091	B1	Mouse	/diskmnt/Datasets/Reference/SpaceRanger-1.1.0/refdata-gex-mm10-2020-A	/diskmnt/primary/Spatial_Transcriptomics/data/globus/DT-2862809	/diskmnt/Datasets/Spatial_Transcriptomics/images/AKI_M_14w/B1-20201221-AKI14-M-Fc1U1.tif	/diskmnt/Datasets/Spatial_Transcriptomics/images/AKI_M_14w	https://wustl.box.com/s/412w012gy8fxnftlw7kzeieo4cdhuadt			/diskmnt/Datasets/Spatial_Transcriptomics/outputs/AKI_M_14w/AKI_M_14w/outs/		-
54	HT262B1-H2A2	1/25/2021	Yes	Yes	Done	HT262B1	HT262B1-H2A2	GAGAGGATAT-TTGAAATGGG	DT-2862808	HT262B1-S1H2Fc2U1	globus	V10Y07-091	C1	Human	/diskmnt/Datasets/Reference/SpaceRanger-1.1.0/refdata-gex-GRCh38-2020-A	/diskmnt/primary/Spatial_Transcriptomics/data/globus/DT-2862808	/diskmnt/Datasets/Spatial_Transcriptomics/images/HT262B1/C1-HT262B1-S1H2Fc2U1.tif	/diskmnt/Datasets/Spatial_Transcriptomics/images/HT262B1	https://wustl.box.com/s/xwl468e4yb70snwkp2zfk6vnszsikwfd			/diskmnt/Datasets/Spatial_Transcriptomics/outputs/HT262B1/HT262B1-H2A2/outs/		-
55	HT263B1-H1A2	2/3/2021	Yes	Yes	Done	HT263B1	HT263B1-H1A2	CCCACCACAA-ACCTCCGCTT	DT-2862808	HT263B1-S1H1Fc2U1	globus	V10Y07-091	D1	Human	/diskmnt/Datasets/Reference/SpaceRanger-1.1.0/refdata-gex-GRCh38-2020-A	/diskmnt/primary/Spatial_Transcriptomics/data/globus/DT-2862808	/diskmnt/Datasets/Spatial_Transcriptomics/images/all/D1-HT263B1-S1H1Fc2U1.tif	/diskmnt/Datasets/Spatial_Transcriptomics/images/all	https://wustl.box.com/s/hw104n9tlhivq8j09d8ihkh93st9zwz9			/diskmnt/Datasets/Spatial_Transcriptomics/outputs/HT263B1/HT263B1-H1A2/outs/		-
56	20201228-NMK-newborn-F (left) M (right)	1/25/2021	Yes	Yes	Done	NMK1228_MF_0w	NMK1228_MF_0w	CGGCTGGATG-TGATAAGCAC	DT-2862809	20201228-NMK0-FM-Fc1U1	globus	V10Y07-092	A1	Mouse	/diskmnt/Datasets/Reference/SpaceRanger-1.1.0/refdata-gex-mm10-2020-A	/diskmnt/primary/Spatial_Transcriptomics/data/globus/DT-2862809	/diskmnt/Datasets/Spatial_Transcriptomics/images/NMK1228_MF_0w/A1-20201228-NMK0-FM-Fc1U1.tif	/diskmnt/Datasets/Spatial_Transcriptomics/images/NMK1228_MF_0w	https://wustl.box.com/s/yr9s02auezadp5sct4sf5ro57yj7uyz9			/diskmnt/Datasets/Spatial_Transcriptomics/outputs/NMK1228_MF_0w/NMK1228_MF_0w/outs/		-
57	20201228-NMbladder-3wk-F (23 days)	1/25/2021	Yes	Yes	Done	NMB1228_F_3w	NMB1228_F_3w	TTGCCCGTGC-GCGTGAGATT	DT-2862809	20201228-NMB3-Fc1U1	globus	V10Y07-092	B1	Mouse	/diskmnt/Datasets/Reference/SpaceRanger-1.1.0/refdata-gex-mm10-2020-A	/diskmnt/primary/Spatial_Transcriptomics/data/globus/DT-2862809	/diskmnt/Datasets/Spatial_Transcriptomics/images/NMB1228_F_3w/B1-20201228-NMB3-Fc1U1.tif	/diskmnt/Datasets/Spatial_Transcriptomics/images/NMB1228_F_3w	https://wustl.box.com/s/xmewb1ry4zwch6uqh2n88k52hc0dtxpx			/diskmnt/Datasets/Spatial_Transcriptomics/outputs/NMB1228_F_3w/NMB1228_F_3w/outs/		-
58	20201228-NMK3-F (with ureter) (23 days)	1/25/2021	Yes	Yes	Done	NMK1228_F_3w	NMK1228_F_3w	AATGTATCCA-AATGAGCTTA	DT-2862809	20201228-NMK3-F-Fc1U1	globus	V10Y07-092	C1	Mouse	/diskmnt/Datasets/Reference/SpaceRanger-1.1.0/refdata-gex-mm10-2020-A	/diskmnt/primary/Spatial_Transcriptomics/data/globus/DT-2862809	/diskmnt/Datasets/Spatial_Transcriptomics/images/NMK1228_F_3w/C1-20201228-NMK3-F-Fc1U1.tif	/diskmnt/Datasets/Spatial_Transcriptomics/images/NMK1228_F_3w	https://wustl.box.com/s/3zct3791c6m8nablv0witaszpanyqv8j			/diskmnt/Datasets/Spatial_Transcriptomics/outputs/NMK1228_F_3w/NMK1228_F_3w/outs/		-
59	20201228-NMK3-M-U1 (with ureter) (23 days)	1/25/2021	(Not submitted)	Yes	Done	NMK1228_M_3w	NMK1228_M_3w_U1	CTCCTTTAGA-GACATAGCTC	DT-2862809	20201228-NMK3-M-Fc1U1	globus	V10Y07-092	D1	Mouse	/diskmnt/Datasets/Reference/SpaceRanger-1.1.0/refdata-gex-mm10-2020-A	/diskmnt/primary/Spatial_Transcriptomics/data/globus/DT-2862809	/diskmnt/Datasets/Spatial_Transcriptomics/images/NMK1228_M_3w/D1-20201228-NMK3-M-Fc1U1.tif	/diskmnt/Datasets/Spatial_Transcriptomics/images/NMK1228_M_3w	https://wustl.box.com/s/qhkjanrf26pyuldorn76rv1ryc4a4ul7	Not submitted		/diskmnt/Datasets/Spatial_Transcriptomics/outputs/NMK1228_M_3w/NMK1228_M_3w_U1/outs/		-
60	HT265B1-H1A2	2/1/2021	Yes	Yes	Done	HT265B1	HT265B1-H1A2	GTCCCATCAA-CGAACGTGAC	DT-2862808	HT265B1-S1H1Fc2U1	globus	V10Y07-094	A1	Human	/diskmnt/Datasets/Reference/SpaceRanger-1.1.0/refdata-gex-GRCh38-2020-A	/diskmnt/primary/Spatial_Transcriptomics/data/globus/DT-2862808	/diskmnt/Datasets/Spatial_Transcriptomics/images/HT265B1/A1-HT265B1-S1H1Fc2U1.tif	/diskmnt/Datasets/Spatial_Transcriptomics/images/HT265B1	https://wustl.box.com/s/h29kw6gj3k2mp4ttkblvxfuu27v39ruh			/diskmnt/Datasets/Spatial_Transcriptomics/outputs/HT265B1/HT265B1-H1A2/outs/		-
61	HT264P1-H2A2	1/25/2021	Yes	Yes	Done	HT264P1	HT264P1-H2A2	CCGGCAACTG-CGGTTTAACA	DT-2862808	HT264P1-S1H2Fc2U1	globus	V10Y07-094	B1	Human	/diskmnt/Datasets/Reference/SpaceRanger-1.1.0/refdata-gex-GRCh38-2020-A	/diskmnt/primary/Spatial_Transcriptomics/data/globus/DT-2862808	/diskmnt/Datasets/Spatial_Transcriptomics/images/HT264P1/B1-HT264P1-S1H2Fc2U1.tif	/diskmnt/Datasets/Spatial_Transcriptomics/images/HT264P1	https://wustl.box.com/s/ksyvrn0n59qazf986p6zh9e1kamekxoz			/diskmnt/Datasets/Spatial_Transcriptomics/outputs/HT264P1/HT264P1-H2A2/outs/		-
62	20201228-NMprostate-3wk-M (23 days)	2/1/2021	Yes	Yes	Done	NMP1228_M_3w	NMP1228_M_3w	TTCACACCTT-TAGTGTACAC	DT-2862809	20201228-NMP3-M-Fc1U1	globus	V10Y07-094	C1	Mouse	/diskmnt/Datasets/Reference/SpaceRanger-1.1.0/refdata-gex-mm10-2020-A	/diskmnt/primary/Spatial_Transcriptomics/data/globus/DT-2862809	/diskmnt/Datasets/Spatial_Transcriptomics/images/NMP1228_M_3w/C1-20201228-NMP3-M-Fc1U1.tif	/diskmnt/Datasets/Spatial_Transcriptomics/images/NMP1228_M_3w	https://wustl.box.com/s/noufies80au27cl07jjsdj3m5rhg0ovg			/diskmnt/Datasets/Spatial_Transcriptomics/outputs/NMP1228_M_3w/NMP1228_M_3w/outs/		-
63	20201228-NMK3-M-U2 (23 days)	2/1/2021	Yes	Yes	Done	NMK1228_M_3w	NMK1228_M_3w_U2	GAGACGCACG-CTATGAACAT	DT-2862809	20201228-NMK3-M-Fc1U2	globus	V10Y07-094	D1	Mouse	/diskmnt/Datasets/Reference/SpaceRanger-1.1.0/refdata-gex-mm10-2020-A	/diskmnt/primary/Spatial_Transcriptomics/data/globus/DT-2862809	/diskmnt/Datasets/Spatial_Transcriptomics/images/NMK1228_M_3w/D1-20201228-NMK3-M-Fc1U2.tif	/diskmnt/Datasets/Spatial_Transcriptomics/images/NMK1228_M_3w	https://wustl.box.com/s/45rlznu6knuonit81gzsygbx6ckybfe9			/diskmnt/Datasets/Spatial_Transcriptomics/outputs/NMK1228_M_3w/NMK1228_M_3w_U2/outs/		-
64	20210108-NMK0-F(L)M(R)-Fc1U1	2/5/2021	Yes	Yes	Done	NMK0108_MF_0w	NMK0108_MF_0w_U1	TGTAGTCATT-CTTGATCGTA	DT-2862898	20210108-NMK0-FM-Fc1U1	globus	V10Y05-015	A1	Mouse	/diskmnt/Datasets/Reference/SpaceRanger-1.1.0/refdata-gex-mm10-2020-A	/diskmnt/primary/Spatial_Transcriptomics/data/globus/DT-2862898	/diskmnt/Datasets/Spatial_Transcriptomics/images/all/A1-20210108-NMK0-FM-Fc1U1.tif	/diskmnt/Datasets/Spatial_Transcriptomics/images/NMK0108_MF_0w	https://wustl.box.com/s/74x78mqrzwcexwaqe70045oq0xcabr9b			/diskmnt/Datasets/Spatial_Transcriptomics/outputs/NMK0108_MF_0w/NMK0108_MF_0w_U1/outs/		-
65	20210108-NMK0-F(L)M(R)-Fc1U2	2/5/2021	Yes	Yes	Done	NMK0108_MF_0w	NMK0108_MF_0w_U2	CATGTGGGTT-GATTCCTTTA	DT-2862898	20210108-NMK0-FM-Fc1U2	globus	V10Y05-015	B1	Mouse	/diskmnt/Datasets/Reference/SpaceRanger-1.1.0/refdata-gex-mm10-2020-A	/diskmnt/primary/Spatial_Transcriptomics/data/globus/DT-2862898	/diskmnt/Datasets/Spatial_Transcriptomics/images/all/B1-20210108-NMK0-FM-Fc1U2.tif	/diskmnt/Datasets/Spatial_Transcriptomics/images/NMK0108_MF_0w	https://wustl.box.com/s/qkxjlz1ruholn2b4qdowikjrwppb021e			/diskmnt/Datasets/Spatial_Transcriptomics/outputs/NMK0108_MF_0w/NMK0108_MF_0w_U2/outs/		-
66	20210111-NMK2-F-Fc1U1	2/5/2021	Yes	Yes	Done	NMK0111_F_2w	NMK0111_F_2w_U1	ATGACGTCGC-AGGTCAGGAT	DT-2862898	20210111-NMK2-F-Fc1U1	globus	V10Y05-015	C1	Mouse	/diskmnt/Datasets/Reference/SpaceRanger-1.1.0/refdata-gex-mm10-2020-A	/diskmnt/primary/Spatial_Transcriptomics/data/globus/DT-2862898	/diskmnt/Datasets/Spatial_Transcriptomics/images/all/C1-20210111-NMK2-F-Fc1U1.tif	/diskmnt/Datasets/Spatial_Transcriptomics/images/NMK0111_F_2w	https://wustl.box.com/s/0bejho8qsmg7p8qx02g5vt3y2bghr8i7			/diskmnt/Datasets/Spatial_Transcriptomics/outputs/NMK0111_F_2w/NMK0111_F_2w_U1/outs/		-
67	20210111-NMK2-M-Fc1U1	2/5/2021	Yes	Yes	Done	NMK0111_M_2w	NMK0111_M_2w_U1	GCGCTTATGG-GCCTGGCTAG	DT-2862898	20210111-NMK2-M-Fc1U1	globus	V10Y05-015	D1	Mouse	/diskmnt/Datasets/Reference/SpaceRanger-1.1.0/refdata-gex-mm10-2020-A	/diskmnt/primary/Spatial_Transcriptomics/data/globus/DT-2862898	/diskmnt/Datasets/Spatial_Transcriptomics/images/all/D1-20210111-NMK2-M-Fc1U1.tif	/diskmnt/Datasets/Spatial_Transcriptomics/images/NMK0111_M_2w	https://wustl.box.com/s/1cw6i2zpva87rb3kzl4edhfxcl84ol5h			/diskmnt/Datasets/Spatial_Transcriptomics/outputs/NMK0111_M_2w/NMK0111_M_2w_U1/outs/		-
68	20210117-NMK0-FM-right	3/2/2021	Yes	Yes	Done	NMK0117FM0W	NMK0117FM0W_Left	CCGGAGGAAG-TGCGGATGTT	2862937	20210117-NMK0-FM1-Fc1U1	globus	V10Y05-016	A1	Mouse	/diskmnt/Datasets/Reference/SpaceRanger-1.1.0/refdata-gex-mm10-2020-A	/diskmnt/primary/Spatial_Transcriptomics/data/globus/2862937	/diskmnt/Datasets/Spatial_Transcriptomics/images/all/A1-20210117-NMK0-FM1-Fc1U1.tif	/diskmnt/Datasets/Spatial_Transcriptomics/images/all	https://wustl.box.com/s/lqzyqy9qnkng4ml1bleahbx3scdkiso5			/diskmnt/Datasets/Spatial_Transcriptomics/outputs/NMK0117FM0W/NMK0117FM0W_Left/outs/		-
69	20210117-NMK0-FM-left	3/2/2021	Yes	Yes	Done	NMK0117FM0W	NMK0117FM0W_Right	ACTTTACGTG-TGAACGCCCT	2862937	20210117-NMK0-FM2-Fc1U1	globus	V10Y05-016	B1	Mouse	/diskmnt/Datasets/Reference/SpaceRanger-1.1.0/refdata-gex-mm10-2020-A	/diskmnt/primary/Spatial_Transcriptomics/data/globus/2862937	/diskmnt/Datasets/Spatial_Transcriptomics/images/all/B1-20210117-NMK0-FM2-Fc1U1.tif	/diskmnt/Datasets/Spatial_Transcriptomics/images/all	https://wustl.box.com/s/xax9d9pv5e7yxxsw5a41txtaapvxpwp1			/diskmnt/Datasets/Spatial_Transcriptomics/outputs/NMK0117FM0W/NMK0117FM0W_Right/outs/		-
70	20210115-NMK1-FM-Fc1U1	3/2/2021	Yes	Yes	Done	NMK0115FM1W	NMK0115FM1W_U1	GATAACCTGC-CATTAGAAAC	2863105	20210115-NMK1-FM-Fc1U1	globus	V10Y05-016	C1	Mouse	/diskmnt/Datasets/Reference/SpaceRanger-1.1.0/refdata-gex-mm10-2020-A	/diskmnt/primary/Spatial_Transcriptomics/data/globus/2863105	/diskmnt/Datasets/Spatial_Transcriptomics/images/all/C1-20210115-NMK1-FM-Fc1U1.tif	/diskmnt/Datasets/Spatial_Transcriptomics/images/all	https://wustl.box.com/s/cmc7lb5m5jjywd8o3gv397kqsp2nt3lo	ID from 3/2/2021 result: 2862937. ID from 3/4/2021 result: 2863105. 2862937 had low quality		/diskmnt/Datasets/Spatial_Transcriptomics/outputs/NMK0115FM1W/NMK0115FM1W_U1/outs/		-
71	20210115-NMK1-FM-Fc1U2	3/2/2021	Yes	Yes	Done	NMK0115FM1W	NMK0115FM1W_U2	CTTGCATAAA-ATCAGGGCTT	2862937	20210115-NMK1-FM-Fc1U2	globus	V10Y05-016	D1	Mouse	/diskmnt/Datasets/Reference/SpaceRanger-1.1.0/refdata-gex-mm10-2020-A	/diskmnt/primary/Spatial_Transcriptomics/data/globus/2862937	/diskmnt/Datasets/Spatial_Transcriptomics/images/all/D1-20210115-NMK1-FM-Fc1U2.tif	/diskmnt/Datasets/Spatial_Transcriptomics/images/all	https://wustl.box.com/s/ooee8z27rhruz548gqai9lsab3x4u4q9			/diskmnt/Datasets/Spatial_Transcriptomics/outputs/NMK0115FM1W/NMK0115FM1W_U2/outs/		-
72	271B1-H3	3/4/2021	Yes	Yes	Done	HT271B1	HT271B1U1	AGCAAGAAGC-TTGTGTTTCT	2863119	HT271B1-S1H3Fc2U1	globus	V10Y05-017	A1	Human	/diskmnt/Datasets/Reference/SpaceRanger-1.1.0/refdata-gex-GRCh38-2020-A	/diskmnt/primary/Spatial_Transcriptomics/data/globus/2863119	/diskmnt/Datasets/Spatial_Transcriptomics/images/all/A1-HT271B1-S1H3Fc2U1.tif	/diskmnt/Datasets/Spatial_Transcriptomics/images/all	https://wustl.box.com/s/gzpli6hc82z9mhnnvfedwdd485oq31qi			/diskmnt/Datasets/Spatial_Transcriptomics/outputs/HT271B1/HT271B1U1/outs/		-
73	271B1-H3	3/4/2021	Yes	Yes	Done	HT271B1	HT271B1U2	CCTATCCTCG-GAATACTAAC	2863119	HT271B1-S1H3Fc2U2	globus	V10Y05-017	B1	Human	/diskmnt/Datasets/Reference/SpaceRanger-1.1.0/refdata-gex-GRCh38-2020-A	/diskmnt/primary/Spatial_Transcriptomics/data/globus/2863119	/diskmnt/Datasets/Spatial_Transcriptomics/images/all/B1-HT271B1-S1H3Fc2U2.tif	/diskmnt/Datasets/Spatial_Transcriptomics/images/all	https://wustl.box.com/s/vzb93967rsm8uy4ojh4gm36yl3qpvbsj			/diskmnt/Datasets/Spatial_Transcriptomics/outputs/HT271B1/HT271B1U2/outs/		-
74	271B1-H3	3/4/2021	Yes	Yes	Done	HT271B1	HT271B1U3	ACCTCGAGCT-TGTGTTCGAT	2863119	HT271B1-S1H3Fc2U3	globus	V10Y05-017	C1	Human	/diskmnt/Datasets/Reference/SpaceRanger-1.1.0/refdata-gex-GRCh38-2020-A	/diskmnt/primary/Spatial_Transcriptomics/data/globus/2863119	/diskmnt/Datasets/Spatial_Transcriptomics/images/all/C1-HT271B1-S1H3Fc2U3.tif	/diskmnt/Datasets/Spatial_Transcriptomics/images/all	https://wustl.box.com/s/60fb92q3u3j618n4bqbg17nri5m3miop			/diskmnt/Datasets/Spatial_Transcriptomics/outputs/HT271B1/HT271B1U3/outs/		-
75	271B1-H3	3/4/2021	Yes	Yes	Done	HT271B1	HT271B1U4	ATAAGGATAC-ATAGATAGGG	2863119	HT271B1-S1H3Fc2U4	globus	V10Y05-017	D1	Human	/diskmnt/Datasets/Reference/SpaceRanger-1.1.0/refdata-gex-GRCh38-2020-A	/diskmnt/primary/Spatial_Transcriptomics/data/globus/2863119	/diskmnt/Datasets/Spatial_Transcriptomics/images/all/D1-HT271B1-S1H3Fc2U4.tif	/diskmnt/Datasets/Spatial_Transcriptomics/images/all	https://wustl.box.com/s/4ij90ha218u92tt7mnrz8z71qiua3jp1			/diskmnt/Datasets/Spatial_Transcriptomics/outputs/HT271B1/HT271B1U4/outs/		-
76	20210205-NMKE16.5-Fc1	3/10/2021	Yes	Yes	Done	NMK0205E165	NMK0205E165U1	GTAGCCCTGT-GAGCATCTAT	2863221	20210205-NMKE16.5-Fc1U1	globus	V10Y05-019	A1	Mouse	/diskmnt/Datasets/Reference/SpaceRanger-1.1.0/refdata-gex-mm10-2020-A	/diskmnt/primary/Spatial_Transcriptomics/data/globus/2863221	/diskmnt/Datasets/Spatial_Transcriptomics/images/all/A1-20210205-NMKE16.5-Fc1U1.tif	/diskmnt/Datasets/Spatial_Transcriptomics/images/all	https://wustl.box.com/s/4rydmzk21hb4y38uvw9ak6wecs3q9bfl			/diskmnt/Datasets/Spatial_Transcriptomics/outputs/NMK0205E165/NMK0205E165U1/outs/		-
77	20210205-NMKE16.5-Fc1	3/10/2021	Yes	Yes	Done	NMK0205E165	NMK0205E165U2	TAACGCGTGA-CCCTAACTTC	2863221	20210205-NMKE16.5-Fc1U2	globus	V10Y05-019	B1	Mouse	/diskmnt/Datasets/Reference/SpaceRanger-1.1.0/refdata-gex-mm10-2020-A	/diskmnt/primary/Spatial_Transcriptomics/data/globus/2863221	/diskmnt/Datasets/Spatial_Transcriptomics/images/all/B1-20210205-NMKE16.5-Fc1U2.tif	/diskmnt/Datasets/Spatial_Transcriptomics/images/all	https://wustl.box.com/s/a7u3itp4yri233gcakxxnj2b283rmhob			/diskmnt/Datasets/Spatial_Transcriptomics/outputs/NMK0205E165/NMK0205E165U2/outs/		-
78	SP1896H1-Mh1Fc1	3/10/2021	Yes	Yes	Done	SP1896	SP1896H1U1	TCCCAAGGGT-TACTACCTTT	2863220	SP1896H1-Mh1Fc1U1	globus	V10Y05-019	C1	Human	/diskmnt/Datasets/Reference/SpaceRanger-1.1.0/refdata-gex-GRCh38-2020-A	/diskmnt/primary/Spatial_Transcriptomics/data/globus/2863220	/diskmnt/Datasets/Spatial_Transcriptomics/images/all/C1-SP1896H1-Mh1Fc1U1.tif	/diskmnt/Datasets/Spatial_Transcriptomics/images/all	https://wustl.box.com/s/jj4nm8bv57s5ij8bdmey7gcf7ghncp22			/diskmnt/Datasets/Spatial_Transcriptomics/outputs/SP1896/SP1896H1U1/outs/		-
79	HT291C1-Md1Fc2	3/10/2021	Yes	Yes	Done	HT291C1	HT291C1U1	CGAAGTATAC-GAACTTGGAG	2863220	HT291C1-Md1Fc2U1	globus	V10Y05-019	D1	Human	/diskmnt/Datasets/Reference/SpaceRanger-1.1.0/refdata-gex-GRCh38-2020-A	/diskmnt/primary/Spatial_Transcriptomics/data/globus/2863220	/diskmnt/Datasets/Spatial_Transcriptomics/images/all/D1-HT291C1-Md1Fc2U1.tif	/diskmnt/Datasets/Spatial_Transcriptomics/images/all	https://wustl.box.com/s/y3qu4vpmf5a6xg95xfsdzfrawbakn1fo			/diskmnt/Datasets/Spatial_Transcriptomics/outputs/HT291C1/HT291C1U1/outs/		-
80	SM001H1-Mn2	3/13/2021	Yes	Yes	Done	SM001H1	SM001H1Mn2	AAGTGGAGAG-TTCCTGTTAC	2863257	SM001H1-Mn2Fc1U1	globus	V10T11-014	A1	Mouse	/diskmnt/Datasets/Reference/SpaceRanger-1.1.0/refdata-gex-mm10-2020-A	/diskmnt/primary/Spatial_Transcriptomics/data/globus/2863257	/diskmnt/Datasets/Spatial_Transcriptomics/images/all/A1-SM001H1-Mn2Fc1U1.tif	/diskmnt/Datasets/Spatial_Transcriptomics/images/all	https://wustl.box.com/s/daq4h47l85zk5pc97yxh6nwfmsy9hfos			/diskmnt/Datasets/Spatial_Transcriptomics/outputs/SM001H1/SM001H1Mn2/outs/		-
81	HT270P1-H2	3/13/2021	Yes	Yes	Done	HT270P1	HT270P1Mn2	CGTGACATGC-ATGGTCTAAA	2863257	HT270P1-H2Fc2U1	globus	V10T11-014	B1	Human	/diskmnt/Datasets/Reference/SpaceRanger-1.1.0/refdata-gex-GRCh38-2020-A	/diskmnt/primary/Spatial_Transcriptomics/data/globus/2863257	/diskmnt/Datasets/Spatial_Transcriptomics/images/all/B1-HT270P1-H2Fc2U1.tif	/diskmnt/Datasets/Spatial_Transcriptomics/images/all	https://wustl.box.com/s/q9t1xhvr3jnacz7rtr8hc4fwlfpg2dkr			/diskmnt/Datasets/Spatial_Transcriptomics/outputs/HT270P1/HT270P1Mn2/outs/		-
82	SM001H1-Md2	3/13/2021	Yes	Yes	Done	SM001H1	SM001H1Md2	CGGAACCCAA-GATTCGAGGA	2863257	SM001H1-Md2Fc1U1	globus	V10T11-014	C1	Mouse	/diskmnt/Datasets/Reference/SpaceRanger-1.1.0/refdata-gex-mm10-2020-A	/diskmnt/primary/Spatial_Transcriptomics/data/globus/2863257	/diskmnt/Datasets/Spatial_Transcriptomics/images/all/C1-SM001H1-Md2Fc1U1.tif	/diskmnt/Datasets/Spatial_Transcriptomics/images/all	https://wustl.box.com/s/1nv8fljdxxpexqpckgb2am5puo0vayp4			/diskmnt/Datasets/Spatial_Transcriptomics/outputs/SM001H1/SM001H1Md2/outs/		-
83	SM002H1-Md2	3/13/2021	Yes	Yes	Done	SM002H1	SM002H1Md2	CACCGCACCA-GACTGTCAAT	2863257	SM002H1-Md2Fc1U1	globus	V10T11-014	D1	Mouse	/diskmnt/Datasets/Reference/SpaceRanger-1.1.0/refdata-gex-mm10-2020-A	/diskmnt/primary/Spatial_Transcriptomics/data/globus/2863257	/diskmnt/Datasets/Spatial_Transcriptomics/images/all/D1-SM002H1-Md2Fc1U1.tif	/diskmnt/Datasets/Spatial_Transcriptomics/images/all	https://wustl.box.com/s/yu75qkilbj53ut2swm2q4389xuzbcnse			/diskmnt/Datasets/Spatial_Transcriptomics/outputs/SM002H1/SM002H1Md2/outs/		-
84	20210129-AKICT3M	4/3/2021	Yes	Yes	Done	AKICT3M	AKICT3M	GTAACATGCG-AGTGTTACCT	2863484	20210129-AKICT3M-Fc1U1	globus	V10T11-013	A1	Mouse	/diskmnt/Datasets/Reference/SpaceRanger-1.1.0/refdata-gex-mm10-2020-A	/diskmnt/primary/Spatial_Transcriptomics/data/globus/2863484	/diskmnt/Datasets/Spatial_Transcriptomics/images/all/A1-20210129-AKICT3M-Fc1U1.tif	/diskmnt/Datasets/Spatial_Transcriptomics/images/all	https://wustl.box.com/s/4c5b3m0ipyqz6zp3sfuo0ejawmrcmnmk			/diskmnt/Datasets/Spatial_Transcriptomics/outputs/AKICT3M/AKICT3M/outs/		-
85	20210129-AKI3M	4/3/2021	Yes	Yes	Done	AKI3M	AKI3M	GTGGATCAAA-GCCAACCCTG	2863484	20210129-AKI3M-Fc1U1	globus	V10T11-013	B1	Mouse	/diskmnt/Datasets/Reference/SpaceRanger-1.1.0/refdata-gex-mm10-2020-A	/diskmnt/primary/Spatial_Transcriptomics/data/globus/2863484	/diskmnt/Datasets/Spatial_Transcriptomics/images/all/B1-20210129-AKI3M-Fc1U1.tif	/diskmnt/Datasets/Spatial_Transcriptomics/images/all	https://wustl.box.com/s/7bul28zpl430lvfh0bknoukt2nh77xb0			/diskmnt/Datasets/Spatial_Transcriptomics/outputs/AKI3M/AKI3M/outs/		-
86	20210129-AKICT3F	4/3/2021	Yes	Yes	Done	AKICT3F	AKICT3F	CACTACGAAA-TTAGACTGAT	2863484	20210129-AKICT3F-Fc1U1	globus	V10T11-013	C1	Mouse	/diskmnt/Datasets/Reference/SpaceRanger-1.1.0/refdata-gex-mm10-2020-A	/diskmnt/primary/Spatial_Transcriptomics/data/globus/2863484	/diskmnt/Datasets/Spatial_Transcriptomics/images/all/C1-20210129-AKICT3F-Fc1U1.tif	/diskmnt/Datasets/Spatial_Transcriptomics/images/all	https://wustl.box.com/s/ciox8nowirdvy9pdm0fcjy40f6qxbueo			/diskmnt/Datasets/Spatial_Transcriptomics/outputs/AKICT3F/AKICT3F/outs/		-
87	20210129-AKI3F	4/3/2021	Yes	Yes	Done	AKI3F	AKI3F	CTCTAGCGAG-TATCTTCATC	2863484	20210129-AKI3F-Fc1U1	globus	V10T11-013	D1	Mouse	/diskmnt/Datasets/Reference/SpaceRanger-1.1.0/refdata-gex-mm10-2020-A	/diskmnt/primary/Spatial_Transcriptomics/data/globus/2863484	/diskmnt/Datasets/Spatial_Transcriptomics/images/all/D1-20210129-AKI3F-Fc1U1.tif	/diskmnt/Datasets/Spatial_Transcriptomics/images/all	https://wustl.box.com/s/ynjtn3816vob8xloz1anv1yshxpplve5			/diskmnt/Datasets/Spatial_Transcriptomics/outputs/AKI3F/AKI3F/outs/		-
88	20210203-AKI8M	4/12/2021	Yes	Yes	Done	AKID8M	AKID8M	GTAGCCCTGT-GAGCATCTAT	2863537	20210203-AKI8M-Fc1U1	globus	V10T11-015	A1	Mouse	/diskmnt/Datasets/Reference/SpaceRanger-1.1.0/refdata-gex-mm10-2020-A	/diskmnt/primary/Spatial_Transcriptomics/data/globus/2863537	/diskmnt/Datasets/Spatial_Transcriptomics/images/all/A1-20210203-AKI8M-Fc1U1.tif	/diskmnt/Datasets/Spatial_Transcriptomics/images/all	https://wustl.box.com/s/jga9y1wbphlbf370uo6r0nzx35agv5o5			/diskmnt/Datasets/Spatial_Transcriptomics/outputs/AKID8M/AKID8M/outs/		-
89	20201225-AKI8F	4/12/2021	Yes	Yes	Done	AKID8F	AKID8F	TAACGCGTGA-CCCTAACTTC	2863537	20201225-AKI8F-Fc1U1	globus	V10T11-015	B1	Mouse	/diskmnt/Datasets/Reference/SpaceRanger-1.1.0/refdata-gex-mm10-2020-A	/diskmnt/primary/Spatial_Transcriptomics/data/globus/2863537	/diskmnt/Datasets/Spatial_Transcriptomics/images/all/B1-20201225-AKI8F-Fc1U1.tif	/diskmnt/Datasets/Spatial_Transcriptomics/images/all	https://wustl.box.com/s/dbmk1xbj455teb1udisz9sgoi54qk169			/diskmnt/Datasets/Spatial_Transcriptomics/outputs/AKID8F/AKID8F/outs/		-
90	297B1-H1	4/12/2021	Yes	Yes	Done	HT297B1	HT297B1H1U1	TCCCAAGGGT-TACTACCTTT	2863538	HT297B1-S1H1Fc2U1	globus	V10T11-015	C1	Human	/diskmnt/Datasets/Reference/SpaceRanger-1.1.0/refdata-gex-GRCh38-2020-A	/diskmnt/primary/Spatial_Transcriptomics/data/globus/2863538	/diskmnt/Datasets/Spatial_Transcriptomics/images/all/C1-HT297B1-S1H1Fc2U1.tif	/diskmnt/Datasets/Spatial_Transcriptomics/images/all	https://wustl.box.com/s/0dwvu56hompomhe7lkb3zhwhq3zqhmf0			/diskmnt/Datasets/Spatial_Transcriptomics/outputs/HT297B1/HT297B1H1U1/outs/		-
91	305B1-H1	4/12/2021	Yes	Yes	Done	HT305B1	HT305B1H1U1	CGAAGTATAC-GAACTTGGAG	2863538	HT305B1-S1H1Fc2U1	globus	V10T11-015	D1	Human	/diskmnt/Datasets/Reference/SpaceRanger-1.1.0/refdata-gex-GRCh38-2020-A	/diskmnt/primary/Spatial_Transcriptomics/data/globus/2863538	/diskmnt/Datasets/Spatial_Transcriptomics/images/all/D1-HT305B1-S1H1Fc2U1.tif	/diskmnt/Datasets/Spatial_Transcriptomics/images/all	https://wustl.box.com/s/zc34967eiojachmvppnxi65zydkmn55e			/diskmnt/Datasets/Spatial_Transcriptomics/outputs/HT305B1/HT305B1H1U1/outs/		-
92	20210318-NMKE16.5F	4/12/2021	Yes	Yes	Done	NMKE165F	NMKE165FU1	AAGTGGAGAG-TTCCTGTTAC	2863537	20210318-NMKE16.5F-Fc1U1	globus	V10T11-016	A1	Mouse	/diskmnt/Datasets/Reference/SpaceRanger-1.1.0/refdata-gex-mm10-2020-A	/diskmnt/primary/Spatial_Transcriptomics/data/globus/2863537	/diskmnt/Datasets/Spatial_Transcriptomics/images/all/A1-20210318-NMKE16.5F-Fc1U1.tif	/diskmnt/Datasets/Spatial_Transcriptomics/images/all	https://wustl.box.com/s/z504hshsc5wwtkek1jzfbnnisdgwiu5h			/diskmnt/Datasets/Spatial_Transcriptomics/outputs/NMKE165F/NMKE165FU1/outs/		-
93	260C1-Th1K1	4/12/2021	Yes	Yes	Done	HT260C1	HT260C1Th1K1U1	CGTGACATGC-ATGGTCTAAA	2863538	HT260C1-Th1K1Fc2U1	globus	V10T11-016	B1	Human	/diskmnt/Datasets/Reference/SpaceRanger-1.1.0/refdata-gex-GRCh38-2020-A	/diskmnt/primary/Spatial_Transcriptomics/data/globus/2863538	/diskmnt/Datasets/Spatial_Transcriptomics/images/all/B1-HT260C1-Th1K1Fc2U1.tif	/diskmnt/Datasets/Spatial_Transcriptomics/images/all	https://wustl.box.com/s/4ml8hijei2uxouf7wvrqhetr6miicz49			/diskmnt/Datasets/Spatial_Transcriptomics/outputs/HT260C1/HT260C1Th1K1U1/outs/		-
94	213C1-A4	4/12/2021	Yes	Yes	Done	HT213C1	HT213C1A4U1	CGGAACCCAA-GATTCGAGGA	2863538	HT213C1-Th1K4Fc2U1	globus	V10T11-016	C1	Human	/diskmnt/Datasets/Reference/SpaceRanger-1.1.0/refdata-gex-GRCh38-2020-A	/diskmnt/primary/Spatial_Transcriptomics/data/globus/2863538	/diskmnt/Datasets/Spatial_Transcriptomics/images/all/C1-HT213C1-Th1K4Fc2U1.tif	/diskmnt/Datasets/Spatial_Transcriptomics/images/all	https://wustl.box.com/s/xtav0k4udtfve0o6x4wr86vflnuc9v4u			/diskmnt/Datasets/Spatial_Transcriptomics/outputs/HT213C1/HT213C1A4U1/outs/		-
95	268B1-Th1H3	4/12/2021	Yes	Yes	Done	HT268B1	HT268B1Th1H3U1	CACCGCACCA-GACTGTCAAT	2863538	HT268B1-Th1K3Fc2U1	globus	V10T11-016	D1	Human	/diskmnt/Datasets/Reference/SpaceRanger-1.1.0/refdata-gex-GRCh38-2020-A	/diskmnt/primary/Spatial_Transcriptomics/data/globus/2863538	/diskmnt/Datasets/Spatial_Transcriptomics/images/all/D1-HT268B1-Th1K3Fc2U1.tif	/diskmnt/Datasets/Spatial_Transcriptomics/images/all	https://wustl.box.com/s/9n6zzu6yyd3ix6i0elto8y1xricoqub4			/diskmnt/Datasets/Spatial_Transcriptomics/outputs/HT268B1/HT268B1Th1H3U1/outs/		-
96	231P1-H3	4/18/2021	Yes	Yes	Done	HT231P1	HT231P1H3U1	ACAGTAACTA-AACGAACTGT	2863630	HT231P1-S1H3Fc2U1	globus	V10L08-058	A1	Human	/diskmnt/Datasets/Reference/SpaceRanger-1.1.0/refdata-gex-GRCh38-2020-A	/diskmnt/primary/Spatial_Transcriptomics/data/globus/2863630	/diskmnt/Datasets/Spatial_Transcriptomics/images/all/A1-HT231P1-S1H3Fc2U1.tif	/diskmnt/Datasets/Spatial_Transcriptomics/images/all	https://wustl.box.com/s/cjd5j2jov7xav1qdsbjfge2dyk3bv1pj			/diskmnt/Datasets/Spatial_Transcriptomics/outputs/HT231P1/HT231P1H3U1/outs/		-
97	284P1-H2	4/18/2021	Yes	Yes	Done	HT284P1	HT284P1H2U1	TCTACCATTT-GACTCTCCCG	2863630	HT284P1-S1H2Fc2U1	globus	V10L08-058	B1	Human	/diskmnt/Datasets/Reference/SpaceRanger-1.1.0/refdata-gex-GRCh38-2020-A	/diskmnt/primary/Spatial_Transcriptomics/data/globus/2863630	/diskmnt/Datasets/Spatial_Transcriptomics/images/all/B1-HT284P1-S1H2Fc2U1.tif	/diskmnt/Datasets/Spatial_Transcriptomics/images/all	https://wustl.box.com/s/vyh9ytn85ppbljx3wi5nhfsizy17fhkm			/diskmnt/Datasets/Spatial_Transcriptomics/outputs/HT284P1/HT284P1H2U1/outs/		-
98	288P1-H4	4/18/2021	Yes	Yes	Done	HT288P1	HT288P1H4U1	CACGGTGAAT-TGTGACGAAC	2863630	HT288P1-S1H4Fc2U1	globus	V10L08-058	C1	Human	/diskmnt/Datasets/Reference/SpaceRanger-1.1.0/refdata-gex-GRCh38-2020-A	/diskmnt/primary/Spatial_Transcriptomics/data/globus/2863630	/diskmnt/Datasets/Spatial_Transcriptomics/images/all/C1-HT288P1-S1H4Fc2U1.tif	/diskmnt/Datasets/Spatial_Transcriptomics/images/all	https://wustl.box.com/s/uozq3hgau6wgha4vokf6v7veho0utdca			/diskmnt/Datasets/Spatial_Transcriptomics/outputs/HT288P1/HT288P1H4U1/outs/		-
99	306P1-H1	4/18/2021	Yes	Yes	Done	HT306P1	HT306P1H1U1	GTAGACGAAA-ACCACACTAG	2863630	HT306P1-S1H1Fc2U1	globus	V10L08-058	D1	Human	/diskmnt/Datasets/Reference/SpaceRanger-1.1.0/refdata-gex-GRCh38-2020-A	/diskmnt/primary/Spatial_Transcriptomics/data/globus/2863630	/diskmnt/Datasets/Spatial_Transcriptomics/images/all/D1-HT306P1-S1H1Fc2U1.tif	/diskmnt/Datasets/Spatial_Transcriptomics/images/all	https://wustl.box.com/s/xuqonhdi4ml14dmwxzvg6qwvq8xmbkxw			/diskmnt/Datasets/Spatial_Transcriptomics/outputs/HT306P1/HT306P1H1U1/outs/		-
100	20210430-NMK113F	5/26/2021	Yes	Yes	Done	NMK113F	NMK113F	TCGGCTCTAC-AGACCATCGG	2863966	20210430-NMK113F-Fc1U1	globus	V10L08-059	A1	Mouse	/diskmnt/Datasets/Reference/SpaceRanger-1.1.0/refdata-gex-mm10-2020-A	/diskmnt/primary/Spatial_Transcriptomics/data/globus/2863966	/diskmnt/Datasets/Spatial_Transcriptomics/images/all/A1-20210430-NMK113F-Fc1U1.tif	/diskmnt/Datasets/Spatial_Transcriptomics/images/all	https://wustl.box.com/s/ufov9ah9z63ng1sq0yi4jjrxpmao8guy	rerun with alignemnt file 06012021		/diskmnt/Datasets/Spatial_Transcriptomics/outputs/NMK113F/NMK113F/outs/		-
101	HT165C1-A3	6/3/2021	Yes	Yes	Done	HT165C1	HT165C1A3	TWCE-HT165C1-Th1K3Fc2U1Z1Bs1-HT165C1-Th1K3Fc2U1Z1Bs1_1	2863965	HT165C1-Th1K3Fc2U1	globus	V10L08-059	B1	Human	/diskmnt/Datasets/Reference/SpaceRanger-1.1.0/refdata-gex-GRCh38-2020-A	/diskmnt/primary/Spatial_Transcriptomics/data/globus/2863965	/diskmnt/Datasets/Spatial_Transcriptomics/images/all/B1-HT165C1-Th1K3Fc2U1.tif	/diskmnt/Datasets/Spatial_Transcriptomics/images/all	https://wustl.box.com/s/8udxryqpmu5f0nijinueiu39d2w9tcy1			/diskmnt/Datasets/Spatial_Transcriptomics/outputs/HT165C1/HT165C1A3/outs/	~/Box/Ding_Lab/Projects_Current/Spatial_transcriptomics/processed_data/HT165C1/HT165C1A3/outs/web_summary.html	-
102	HT250C1	6/3/2021	Yes	Yes	Done	HT250C1	HT250C1	TWCE-HT250C1-Th1K1Fc2U1Z1Bs1-HT250C1-Th1K1Fc2U1Z1Bs1_1	2863965	HT250C1-Th1K1Fc2U1	globus	V10L08-059	C1	Human	/diskmnt/Datasets/Reference/SpaceRanger-1.1.0/refdata-gex-GRCh38-2020-A	/diskmnt/primary/Spatial_Transcriptomics/data/globus/2863965	/diskmnt/Datasets/Spatial_Transcriptomics/images/all/C1-HT250C1-Th1K1Fc2U1.tif	/diskmnt/Datasets/Spatial_Transcriptomics/images/all	https://wustl.box.com/s/mhseit1bn5m62309w6suoxnz6chtlfzl			/diskmnt/Datasets/Spatial_Transcriptomics/outputs/HT250C1/HT250C1/outs/	~/Box/Ding_Lab/Projects_Current/Spatial_transcriptomics/processed_data/HT250C1/HT250C1/outs/web_summary.html	-
103	HT253C1-T1	6/3/2021	Yes	Yes	Done	HT253C1	HT253C1T1	TWCE-HT253C1-Th1K1Fc2U1Z1Bs1-HT253C1-Th1K1Fc2U1Z1Bs1_1	2863965	HT253C1-Th1K1Fc2U1	globus	V10L08-059	D1	Human	/diskmnt/Datasets/Reference/SpaceRanger-1.1.0/refdata-gex-GRCh38-2020-A	/diskmnt/primary/Spatial_Transcriptomics/data/globus/2863965	/diskmnt/Datasets/Spatial_Transcriptomics/images/all/D1-HT253C1-Th1K1Fc2U1.tif	/diskmnt/Datasets/Spatial_Transcriptomics/images/all	https://wustl.box.com/s/d0gj0vsbndjsaypg2oyyk340n7ujhpsb			/diskmnt/Datasets/Spatial_Transcriptomics/outputs/HT253C1/HT253C1T1/outs/	~/Box/Ding_Lab/Projects_Current/Spatial_transcriptomics/processed_data/HT253C1/HT253C1T1/outs/web_summary.html	-
104	308B1-S1H1 (609)	8/26/2021	Yes	Yes	Done	HT308B1	HT308B1-S1H1	TWCE-HT308B1-S1H1Fc2U1Z1Bs1-HT308B1-S1H1Fc2U1Z1Bs1_1	2864678	HT308B1-S1H1Fc2U1	globus	V10L08-060	A1	Human	/diskmnt/Datasets/Reference/SpaceRanger-1.1.0/refdata-gex-GRCh38-2020-A	/diskmnt/primary/Spatial_Transcriptomics/data/globus/2864678	/diskmnt/Datasets/Spatial_Transcriptomics/images/all/A1_HT308B1-S1H1Fc2U1.tif	/diskmnt/Datasets/Spatial_Transcriptomics/images/all	https://wustl.box.com/s/lven9hcubk6moo3l1gsiy2b4xgx2fed1	Low gene count. Rerun again 10/06/2021.	alignment/HT308B1/HT308B1-S1H1_alignment.json	/diskmnt/Datasets/Spatial_Transcriptomics/outputs/HT308B1/HT308B1-S1H1/outs/	~/Box/Ding_Lab/Projects_Current/Spatial_transcriptomics/processed_data/HT308B1/HT308B1-S1H1/outs/web_summary.html	-
105	308B1-S1H5 (1879)	8/26/2021	Yes	Yes	Done	HT308B1	HT308B1-S1H5	TWCE-HT308B1-S1H5Fc2U1Z1Bs1-HT308B1-S1H5Fc2U1Z1Bs1_1	2864678	HT308B1-S1H5Fc2U1	globus	V10L08-060	B1	Human	/diskmnt/Datasets/Reference/SpaceRanger-1.1.0/refdata-gex-GRCh38-2020-A	/diskmnt/primary/Spatial_Transcriptomics/data/globus/2864678	/diskmnt/Datasets/Spatial_Transcriptomics/images/all/B1_HT308B1-S1H5Fc2U1.tif	/diskmnt/Datasets/Spatial_Transcriptomics/images/all	https://wustl.box.com/s/e87a4dq9ryul3eqxxli8txn9eicuahp5	FASTQ swapped. Rerun 10/06/2021		/diskmnt/Datasets/Spatial_Transcriptomics/outputs/HT308B1/HT308B1-S1H5/outs/	~/Box/Ding_Lab/Projects_Current/Spatial_transcriptomics/processed_data/HT308B1/HT308B1-S1H5/outs/web_summary.html	-
106	308B1-S2H5 (3251)	8/26/2021	Yes	Yes	Done	HT308B1	HT308B1-S2H5	TWCE-HT308B1-S2H5Fc2U1Z1Bs1-HT308B1-S2H5Fc2U1Z1Bs1_1	2864678	HT308B1-S2H5Fc2U1	globus	V10L08-060	C1	Human	/diskmnt/Datasets/Reference/SpaceRanger-1.1.0/refdata-gex-GRCh38-2020-A	/diskmnt/primary/Spatial_Transcriptomics/data/globus/2864678	/diskmnt/Datasets/Spatial_Transcriptomics/images/all/C1_HT308B1-S2H5Fc2U1.tif	/diskmnt/Datasets/Spatial_Transcriptomics/images/all	https://wustl.box.com/s/1szlj5u7o4v8ponuh3b6gbq0rvfqvykk	FASTQ swapped. Rerun 10/06/2021		/diskmnt/Datasets/Spatial_Transcriptomics/outputs/HT308B1/HT308B1-S2H5/outs/	~/Box/Ding_Lab/Projects_Current/Spatial_transcriptomics/processed_data/HT308B1/HT308B1-S2H5/outs/web_summary.html	-
107	308B1-S1H4 (1210)	8/26/2021	Yes	Yes	Done	HT308B1	HT308B1-S1H4	TWCE-HT308B1-S1H4Fc2U1Z1Bs1-HT308B1-S1H4Fc2U1Z1Bs1_1	2864678	HT308B1-S1H4Fc2U1	globus	V10L08-060	D1	Human	/diskmnt/Datasets/Reference/SpaceRanger-1.1.0/refdata-gex-GRCh38-2020-A	/diskmnt/primary/Spatial_Transcriptomics/data/globus/2864678	/diskmnt/Datasets/Spatial_Transcriptomics/images/all/D1_HT308B1-S1H4Fc2U1.tif	/diskmnt/Datasets/Spatial_Transcriptomics/images/all	https://wustl.box.com/s/cazwocr3tgazfvisaji668z66k5fi7iy	FASTQ swapped. Rerun 10/06/2021	alignment/HT308B1/HT308B1-S1H4_alignment.json	/diskmnt/Datasets/Spatial_Transcriptomics/outputs/HT308B1/HT308B1-S1H4/outs/	~/Box/Ding_Lab/Projects_Current/Spatial_transcriptomics/processed_data/HT308B1/HT308B1-S1H4/outs/web_summary.html	-
108	365B1-S1H1	8/26/2021	Yes	Yes	Done	HT365B1	HT365B1-S1H1	TWCE-HT365B1-S1H1Fc2U1Z1Bs1-HT365B1-S1H1Fc2U1Z1Bs1_1	2864678	HT365B1-S1H1Fc2U1	globus	V10L08-065	A1	Human	/diskmnt/Datasets/Reference/SpaceRanger-1.1.0/refdata-gex-GRCh38-2020-A	/diskmnt/primary/Spatial_Transcriptomics/data/globus/2864678	/diskmnt/Datasets/Spatial_Transcriptomics/images/all/A1_HT365B1-S1H1Fc2U1.tif	/diskmnt/Datasets/Spatial_Transcriptomics/images/all	https://wustl.box.com/s/p1a4tmh8xl1njpqwug8hrhq4wde13fj7	FASTQ swapped. Rerun 10/11/2021		/diskmnt/Datasets/Spatial_Transcriptomics/outputs/HT365B1/HT365B1-S1H1/outs/	~/Box/Ding_Lab/Projects_Current/Spatial_transcriptomics/processed_data/HT365B1/HT365B1-S1H1/outs/web_summary.html	-
109	339B1-S1H3	8/26/2021	Yes	Yes	Done	HT339B1	HT339B1-S1H3	TWCE-HT339B1-S1H3Fc2U1Z1Bs1-HT339B1-S1H3Fc2U1Z1Bs1_1	2864678	HT339B1-S1H3Fc2U1	globus	V10L08-065	B1	Human	/diskmnt/Datasets/Reference/SpaceRanger-1.1.0/refdata-gex-GRCh38-2020-A	/diskmnt/primary/Spatial_Transcriptomics/data/globus/2864678	/diskmnt/Datasets/Spatial_Transcriptomics/images/all/B1_HT339B1-S1H3Fc2U1.tif	/diskmnt/Datasets/Spatial_Transcriptomics/images/all	https://wustl.box.com/s/lhvpkgp5flkyiabd0ur8aoldicldt4gh	FASTQ swapped. Rerun 10/11/2021		/diskmnt/Datasets/Spatial_Transcriptomics/outputs/HT339B1/HT339B1-S1H3/U1/outs/	~/Box/Ding_Lab/Projects_Current/Spatial_transcriptomics/processed_data/HT339B1/HT339B1-S1H3/U1/outs/web_summary.html	-
110	323B1-S1H3 (1480)	8/26/2021	Yes	Yes	Done	HT323B1	HT323B1-S1H3	TWCE-HT323B1-S1H3Fc2U1Z1Bs1-HT323B1-S1H3Fc2U1Z1Bs1_1	2864678	HT323B1-S1H3Fc2U1	globus	V10L08-065	C1	Human	/diskmnt/Datasets/Reference/SpaceRanger-1.1.0/refdata-gex-GRCh38-2020-A	/diskmnt/primary/Spatial_Transcriptomics/data/globus/2864678	/diskmnt/Datasets/Spatial_Transcriptomics/images/all/C1_HT323B1-S1H3Fc2U1.tif	/diskmnt/Datasets/Spatial_Transcriptomics/images/all	https://wustl.box.com/s/i2nyk4psb0j8rozvvka9s14y9naomhau	FASTQ swapped. Rerun 10/11/2021		/diskmnt/Datasets/Spatial_Transcriptomics/outputs/HT323B1/HT323B1-S1H3/outs/	~/Box/Ding_Lab/Projects_Current/Spatial_transcriptomics/processed_data/HT323B1/HT323B1-S1H3/outs/web_summary.html	-
111	323B1-S1H1	8/26/2021	Yes	Yes	Done	HT323B1	HT323B1-S1H1	TWCE-HT323B1-S1H1Fc2U1Z1Bs1-HT323B1-S1H1Fc2U1Z1Bs1_1	2864678	HT323B1-S1H1Fc2U1	globus	V10L08-065	D1	Human	/diskmnt/Datasets/Reference/SpaceRanger-1.1.0/refdata-gex-GRCh38-2020-A	/diskmnt/primary/Spatial_Transcriptomics/data/globus/2864678	/diskmnt/Datasets/Spatial_Transcriptomics/images/all/D1_HT323B1-S1H1Fc2U1.tif	/diskmnt/Datasets/Spatial_Transcriptomics/images/all	https://wustl.box.com/s/ovct29ev7tte3k2chk8trbrdrtadaeru	FASTQ swapped. Rerun 10/11/2021		/diskmnt/Datasets/Spatial_Transcriptomics/outputs/HT323B1/HT323B1-S1H1/outs/	~/Box/Ding_Lab/Projects_Current/Spatial_transcriptomics/processed_data/HT323B1/HT323B1-S1H1/outs/web_summary.html	-
112	20210907-NMK92M1	11/25/2021	Yes	Yes	Done	NMK92	NMK92M1	M_JH-20210907-NMK92M1-Fc1U1Bs2-20210907-NMK92M1-Fc1U1Bs2_1	2865605	20210907-NMK92M1Fc1U1	globus	V10T11-102	A1	Mouse	/diskmnt/Datasets/Reference/SpaceRanger-1.1.0/refdata-gex-mm10-2020-A	/diskmnt/primary/Spatial_Transcriptomics/data/globus/2865605	/diskmnt/Datasets/Spatial_Transcriptomics/images/all/A1-20210907-NMK92M1Fc1U1.tif	/diskmnt/Datasets/Spatial_Transcriptomics/images/all	https://wustl.box.com/s/k2x3a6lob1695bzbfr5o6qbyhvk8zm7c			/diskmnt/Datasets/Spatial_Transcriptomics/outputs/NMK92/NMK92M1/outs/	~/Box/Ding_Lab/Projects_Current/Spatial_transcriptomics/processed_data/NMK92/NMK92M1/outs/web_summary.html	-
113	HT339B1-S1H3	11/25/2021	Yes	Yes	Done	HT339B1	HT339B1-S1H3	TWCE-HT339B1-S1H3Fc2U2Bs2-HT339B1-S1H3Fc2U2Bs2_1	2865604	HT339B1-S1H3Fc2U2	globus	V10T11-102	B1	Human	/diskmnt/Datasets/Reference/SpaceRanger-1.1.0/refdata-gex-GRCh38-2020-A	/diskmnt/primary/Spatial_Transcriptomics/data/globus/2865604	/diskmnt/Datasets/Spatial_Transcriptomics/images/all/B1-HT339B1-S1H3Fc2U2.tif	/diskmnt/Datasets/Spatial_Transcriptomics/images/all	https://wustl.box.com/s/uaijaeivukycxpkvyq0vy54dnw7w3khi			/diskmnt/Datasets/Spatial_Transcriptomics/outputs/HT339B1/HT339B1-S1H3/U2/outs/	~/Box/Ding_Lab/Projects_Current/Spatial_transcriptomics/processed_data/HT339B1/HT339B1-S1H3/U2/outs/web_summary.html	-
114	20210908-NMK92F2	11/25/2021	Yes	Yes	Done	NMK92	NMK92F2	M_JH-20210908-NMK92F2-Fc1U1Bs2-20210908-NMK92F2-Fc1U1Bs2_1	2865605	20210908-NMK92F2-Fc1U1	globus	V10T11-102	C1	Mouse	/diskmnt/Datasets/Reference/SpaceRanger-1.1.0/refdata-gex-mm10-2020-A	/diskmnt/primary/Spatial_Transcriptomics/data/globus/2865605	/diskmnt/Datasets/Spatial_Transcriptomics/images/all/C1-20210908-NMK92F2-Fc1U1.tif	/diskmnt/Datasets/Spatial_Transcriptomics/images/all	https://wustl.box.com/s/1y5pg0ax8aoylv1gftvhurc6jq7i8srq			/diskmnt/Datasets/Spatial_Transcriptomics/outputs/NMK92/NMK92F2/outs/	~/Box/Ding_Lab/Projects_Current/Spatial_transcriptomics/processed_data/NMK92/NMK92F2/outs/web_summary.html	-
115	20210604-AKI3F2	11/25/2021	Yes	Yes	Done	AKI3D	AKI3F2	M_JH-20210604-AKI3F2-Fc1U1Bs2-20210604-AKI3F2-Fc1U1Bs2_1	2865605	20210604-AKI3F2-Fc1U1	globus	V10T11-102	D1	Mouse	/diskmnt/Datasets/Reference/SpaceRanger-1.1.0/refdata-gex-mm10-2020-A	/diskmnt/primary/Spatial_Transcriptomics/data/globus/2865605	/diskmnt/Datasets/Spatial_Transcriptomics/images/all/D1-20210604-AKI3F2-Fc1U1.tif	/diskmnt/Datasets/Spatial_Transcriptomics/images/all	https://wustl.box.com/s/qenpcarx5sfkb9z113zs89jwsjx6c3dv			/diskmnt/Datasets/Spatial_Transcriptomics/outputs/AKI3D/AKI3F2/outs/	~/Box/Ding_Lab/Projects_Current/Spatial_transcriptomics/processed_data/AKI3D/AKI3F2/outs/web_summary.html	-